"","STATION","lat","long","Saturday 00:00","Saturday 04:00","Saturday 08:00","Saturday 12:00","Saturday 16:00","Saturday 20:00","Sunday 00:00","Sunday 04:00","Sunday 08:00","Sunday 12:00","Sunday 16:00","Sunday 20:00","Monday 00:00","Monday 04:00","Monday 08:00","Monday 12:00","Monday 16:00","Monday 20:00","Tuesday 00:00","Tuesday 04:00","Tuesday 08:00","Tuesday 12:00","Tuesday 16:00","Tuesday 20:00","Wednesday 00:00","Wednesday 04:00","Wednesday 08:00","Wednesday 12:00","Wednesday 16:00","Wednesday 20:00","Thursday 00:00","Thursday 04:00","Thursday 08:00","Thursday 12:00","Thursday 16:00","Thursday 20:00","Friday 00:00","Friday 04:00","Friday 08:00","Friday 12:00","Friday 16:00"
"1","103 ST",40.796092,-73.961454,-525,90,1079,545,58,52,-159,397,1576,1537,16,-278,-168,2193,5362,2046,-1,-991,-238,2564,7164,3181,2527,-140,-122,2553,7150,3023,2570,-164,-69,2383,7077,3117,2444,-241,-51,2251,6723,3575,2489
"2","103 ST-CORONA",40.796092,-73.961454,620,1518,-622,-458,0,0,-1,885,1235,-112,-999,-922,4311,5939,785,-2538,-2124,-1245,3599,6324,737,-2397,-2011,-1425,3749,4796,2417,-2388,-1802,-1454,3517,6152,959,-2364,-1909,-1562,3546,6358,798,-1857,-2024
"3","104 ST",40.695178,-73.84433,179,172,44,-14,0,0,-14,208,305,126,3,-91,1294,2202,597,-238,-413,-94,1319,2321,500,-303,-424,-112,1204,2279,559,-179,-399,-89,1221,2135,637,-249,-327,-110,1157,2264,485,-138,-287
"4","110 ST",40.79502,-73.94425,165,442,345,167,81,14,135,560,761,517,97,26,508,2557,808,359,-622,-308,478,2065,434,803,-815,-556,456,2259,666,395,-540,-507,508,2250,650,544,-619,-382,391,2243,602,642,-362
"5","111 ST",40.697418,-73.836345,516,1153,-176,-461,-26,-7,-16,857,935,-324,-793,-689,2398,5356,670,-1108,-1158,-692,2463,5138,1222,-999,-1561,-925,2429,5068,1215,-761,-1333,-828,2418,4767,1250,-732,-1436,-873,2325,4760,1047,-547,-1208
"6","116 ST",40.805085,-73.954882,-377,575,1236,819,52,77,-85,493,1565,2271,1408,-122,-30,3390,6786,4032,2799,-200,-17,3266,7536,3675,2847,129,-130,3312,7279,3925,2723,55,-63,3326,7038,3836,3098,-95,-73,3125,7307,4097,3333
"7","116 ST-COLUMBIA",40.807722,-73.96411,110,-65,153,857,335,198,-40,63,332,1056,1119,323,10,-174,-1482,1529,6061,2196,167,-250,-1880,2082,6715,2406,185,-218,-1223,1764,6760,2470,156,-305,-1684,1976,7857,2272,47,-276,-699,3130,5966
"8","121 ST",40.700492,-73.828294,44,81,69,-18,-10,-3,-3,57,101,131,59,22,336,669,238,142,-11,-12,1120,1699.5,148,143,-29,-2,333,590,181,185,-45,-3,328,675,217,95,-19,6,297,613,217,90,-69
"9","125 ST",40.811109,-73.952343,8,338,988,881,-16,-140,70,462,1869,1905,887,57,464,3556,4325,5492,5237,523,419,3149,4901,6269,6165,826,260,3689,4689,6614,5897,691,111,3417,4895,6344,5805,773,45,3498,4909,6753,6062
"10","135 ST",40.817894,-73.947649,100,852,1014,382,146,22,107,985,1655,1348,306,68,774,4773,2766,3679,782,45,827,4824,3033,3595,1089,-26,793,4734,3300,3618,958,-40,775,1794,6160,3298,981,-7,709,4491,3447,3470,1155
"11","137 ST CITY COL",40.822008,-73.953676,-674,275,628,-166,-307,-143,-142,246,981,809,-274,-704,-263,1617,2360,846,-1099,-1433,-424,1625,2450,1038,-884,-1453,-402,1643,2468,1030,-966,-1712,-524,1620,2500,893,-867,-1802,-477,1517,1980,832,-285
"12","138/GRAND CONC",40.813224,-73.929849,10,-7,0,-42,-45,-20,1,34,13,-35,-72,-65,87,42,36,376,-32,-62,132,80,-2,399,-10,-29,110,38,111,267,6,-65,177,97,96,353,-6,-48,156,175,0,327,60
"13","145 ST",40.824783,-73.944216,310,1641,397,-859,-307,-305,337,2068,3068,355,-1746,-1010,2190,9600,2227,-1962,-3765,-1457,2203,8839,3912,-1832,-3605,-1812,1758,10199,2516,-1635,-4037,-1788,2124,10071,2747,-1453,-3971,-1786,1957,8920,2826,-559,-2532
"14","149/GRAND CONC",40.818375,-73.927351,121,340,274,-822,-308,-316,30,574,199,245,62,-29,321,1054,1570,3157,607,30,408,850,1315,2824,644,18,367,821,1824,3033,747,-58,429,1117,1442,1905,670,32,353,940,1979,2634,854
"15","14 ST",40.740893,-74.00169,639,-710,604,1474,375,304,5,-850,-1169,1348,2395,1402,-366,-5441,-4079,8813,10970,3053,-374,-4720,-3914,7725,12466,3247,-359,-6506,-3132,8431,11911,3409,-547,-6225,-3065,7601,11732,3938,-204,-6094,-2623,7093,9549
"16","14 ST-UNION SQ",40.734673,-73.989951,2941,-931,-1902,2544,274,567,537,-226,-2019,-2228,3316,5385,715,-4316,-13083,2770,16847,11727,1304,-5392,-13845,83,18423,14110,1673,-5557,-13445,1660,16721,14555,1721,-5201,-13718,1467,15857,14304,2009,-5225,-12570,2541,13655
"17","14TH STREET",40.740893,-74.00169,16,-105,-45,36,-9,5,-15,-35,-369,-466,248,235,-244,-2288,-422,397,2023,419,-278,-1940,-981,1169,1855,269,51,-1498,-1140,1969,490,653,-137,-3713,58,266,2196,965,55,-1238,-1098,1359,1519
"18","155 ST",40.830518,-73.941514,-228,207,309,54,-179,-109,-31,144,467,400,-83,-150,-67,1239,1531,524,-278,-410,-114,1208,1519,722,-370,-365,-112,1100,1586,677,-78,-369,-113,1106,1564,811,-192,-328,-134,1032,1472,765,24
"19","157 ST",40.834041,-73.94489,-456,451,601,-18,-228,-85,-76,309,980,1118,9,-460,-163,1935,2450,1001,-424,-805,-279,1811,2573,1154,-256,-869,-288,1821,2526,1158,-325,-937,-306,1840,2600,1088,-225,-988,-279,1719,2493,1138,206
"20","15 ST-PROSPECT",40.660365,-73.979493,45,170,243,-5,-2,-3,-3,129,424,662,98,-1,704,2992,575,401,-222,-32,722,3200,610,322,-179,-18,684,3219,633,438,-202,-65,655,3150,650,328,-205,-74,602,2956,647,429,-33
"21","161/YANKEE STAD",40.827905,-73.925651,567,877,536,347,69,12,212,926,1105,417,216,-90,2519,3986,3264,2595,-66,-212,2507,4048,3670,2760,-135,-296,2497,4320,3272,2429,-31,-234,2538,4157,3186,2124,-13,-178,2458,4304,2747,2201,4
"22","163 ST-AMSTERDM",40.836013,-73.939892,-77,176,278,74,-48,-34,-29,2900,23,-173.5,-268,-164.5,13.5,512.5,561,550,350,25,-47,930,1318,640,359,14,-47,992,1280,960,-499.5,-222,-12.5,990,1314,640,423,77,-76,934,1290,600,395
"23","167 ST",40.833769,-73.918432,651,1119,-20,-275,27,-75,351,1390,1151,70,-320,-419,2546,5011,1380,-1230,-1073,-705,2618,4782,1630,-1007,-978,-742,2577,4156,2164,-839,-1030,-678,2513,5037,1865,-591,-960,-799,2516,4847,1683,-723,-1075
"24","168 ST",40.840556,-73.940133,26,583,547,214,230,-16,-9,1052,1051,945,166,-49,266,-1821,862,5744,999,-63,138,-2168,648,6917,663,-120,97,-1682,1055,6528,1128,-21,129,-1898,1056,6647,996,-115,168,-1474,1667,5951,1047
"25","169 ST",40.71047,-73.793604,181,243,165,-242,-64,-45,105,435,448,196,-179,-186,945,2129,806,-873,-1111,-227,918,2249,564,-988,-872,-316,963,2303,641,-1193,-934,-301,889,2247,606,-1046,-908,-346,888,2119,678,-718,-737
"26","170 ST",40.839306,-73.9134,132,731,566,-158,-24,17,-26,665,1394,403,63,-256,1018,4049,2027,410,-508,-442,933,3898,2463,721,-380,-585,940,3877,2370,633,-463,-448,1016,3805,2597,286,-391,-547,944,3781,2437,781,-378
"27","174-175 STS",40.8459,-73.910136,194,361,219,52,66,20,186,625,422,283,71,9,555,1582,693,686,16,5,2091,-1387,782,785,88,-16,600,1478,817,761,90,3,575,1560,851,753,75,8,574,1530,845,766,178
"28","174 ST",40.837288,-73.887734,-213,244,147,-146,-26,-11,0,-1,274,302,-10,-94,-149,1244,600,614,-420,-380,-175,1124,964,510,-357,-508,-175,1197,953,421,-322,-521,-150,1229,953,573,-409,-474,-179,1244,897,521,-271
"29","175 ST",40.847391,-73.939704,143,572,308,-115,-41,-45,129,728,957,386,-22,-207,1150,4567,1234,-183,-682,669,270,4788,1284,91,-846,-229,1181,4769,1361,217,-831,-338,1226,4706,1555,306,-1088,-241,1108,4534,1386,279,-267
"30","176 ST",40.84848,-73.911794,192,301,81,-38,-3,-1,-1,216,354,203,32,-35,703,1548,715,442,-131,-125,707,1594,794,504,-70,-130,709,1610,705,511,-63,-129,699,1556,826,217,-113,-176,699,1469,765,548,-12
"31","181 ST",40.851695,-73.937969,-142,550,340,-536,-336,-37,-106,601,1253,235,-884,-1053,-138,4579,3813,-1033,-3156,-2153,428,2979,5064,-624,-3143,-2517,379,3737,4267,-469,-3171,-2541,371,3878,4125,-648,-2954,-2553,350,3506,3931,-853,-2413
"32","182-183 STS",40.856093,-73.900741,222,490,177,-21,16,-17,201,706,499,339,131,-80,707,1703,669,410,60,-90,732,1638,777,489,115,-82,754,1601,765,496,90,-132,724,1567,770,573,64,-151,700,1591,765,538,136
"33","183 ST",40.858407,-73.903879,267,461,145,-54,-4,-2,-1,245,436,228,-5,-105,903,1940,564,6,-71,-186,940,1778,677,93,-133,-219,962,1894,742,52,-158,-128,926,1885,698,67,-127,-218,2699,1271,738,125,-36
"34","18 AV",40.607954,-74.001736,71,562,225,-94,-3,-9,-2,401,820,373,-191,-362,1164,4507,1310,357,-1999,-754,1175,4563,1285,-354,-2222,-924,1124,4514,1373,-263,-2138,-906,1114,4550,1436,-142,-2186,-930,1130,4133,1381,-60,-1891
"35","18 ST",40.74104,-73.997871,6,-16,322,178,53,36,-7,-61,-30,353,314,75,-41,-575,572,2076,1232,151,-62,-467,518,2242,1184,182,-73,-365,610,2233,1239,177,-53,-488,553,2282,1215,198,-55,-372,617,2224,1097
"36","190 ST",40.859022,-73.93418,25,233,162,-56,3,-24,121,423,481,206,-65,-39,298,2166,460,195,-241,-28,312,2211,446,245,-326,148,115,2272,497,161,-263,-82,269,2226,584,315,-326,-44,273,2093,450,311,-228
"37","191 ST",40.855225,-73.929412,177,296,-207,-264,0,-5,-2,275,409,-356,-548,-318,648,1569,293,-1133,-1408,-541,682,1665,312,-1057,-1562,1300,-413,-1141.5,791,-1372,-2113,233,634,1654,-561,-3191,-137,271,627,1766,248,-1114,-1212
"38","1 AV",40.730953,-73.981628,-139,-269,77,-370,-17,-43,-21,-137,232,-621,-250,42,-34,-382,-330,831,-1251,466,-607,-2191,1534,1606,-763,433,-711,-11,-383,959,-645,384,-728,-34,-538,837,-600,498,-718,19,-133,-213,-575
"39","207 ST",40.864614,-73.918819,185,324,203,-52,-9,-19,-27,158,366,284,157,-5,415,1643,540,595,213,-45,402,1631,753,636,244,-75,387,1587,685,727,204,-73,442,1552,742,611,320,-95,367,1475,628,734,205
"40","20 AV",40.604556,-73.998168,130,407,188,-30,-5,-1,0,251,409,299,69,-63,753,3001,1019,194,56,-57,735,2882,1127,89,143,-64,753,2781,1233,117,29,-61,716,2772,1019,294,-4,-39,732,2681,940,392,124
"41","215 ST",40.869444,-73.915279,5,75,70,3,-7,-4,-17,24,50,58,11,21,81,435,367,336,45,12,72,429,423,342,58,1,106,416,348,393,33,17,94,401,291,381,47,23,96,398,389,408,74
"42","219 ST",40.883895,-73.862633,-21,174,116,69,-27,-3,-3,-2,124,223,85,47,8,1116,695,351,-100,-40,-10,1103,655,369,-44,-51,-37,1074,696,326,-48,-70,-11,1059,659,409,-147,-23,-18,1027,593,384,-37
"43","21 ST",40.754203,-73.942836,21,-23,31,36,32,10,1,-28,-86,-56,-45,-103.5,-2,-370,-492,73,553,104,35,-371,-447,86,532,71,39,-388,-463,39,455,63,10,-367,-398,23,439,128,0,-306,-408,39,357
"44","21 ST-QNSBRIDGE",40.754203,-73.942836,0,119,142,-135,-62,-84,45,486,319,116,-292,-160,85,1195,428,966,-635,-232,57,511,1341,1081,-510,-300,113,830,1088,1108,-522,-250,99,1428,658,1007,-351,-238,101,1415,711,1189,-462
"45","225 ST",40.888022,-73.860341,-59,275,96,82,-57,-6,-3,-2,191,313,137,79,5,1497,1020,584,-129,-32,-20,1458,1014,533,-67,25,-51,1390,900,543,-109,-28,-51,1403,913,589,-149,-87,-12,1384,832,612,22
"46","231 ST",40.878856,-73.904834,261,514,505,81,-6,-1,-1,338,810,833,292,40,954,3865,1360,1503,514,95,1012,3969,1488,1500,536,62,982,3879,1629,1570,543,89,1020,3938,1529,1644,530,81,991,2871,2418,1473,664
"47","233 ST",40.893193,-73.857473,10,276,240,166,-30,-3,-2,-1,260,386,233,122,13,1705,1206,813,333,113,0,1729,1183,750,229,156,-15,1638,1070,833,182,105,15,1636,1111,849,259,103,13,1577,1139,772,375
"48","238 ST",40.884667,-73.90087,62,201,239,266,14,0,-1,-9,242,419,381,175,27,1283,1300,594,640,237,20,1397,1441,728,677,274,28,1370,1673,501,714,283,39,1345,1468,681,691,270,50,1334,1325,730,718
"49","23 ST",40.741303,-73.989344,572,-1746,1781,1857,272,270,4,-863,-37,1871,2779,1568,-1127,-10823,-2395,21019,17544,3950,-1457,-9790,-3814,22323,18625,3915,-1443,-10850,-2961,21769,19613,3769,-1556,-12107,-1681,21005,19516,4289,-1326,-11627,-1496,21123,10301
"50","25 AV",40.597704,-73.986829,-32,253,293,-4,-66,-3,-2,0,583,587,264,5,-25,2150,2168,793,326,-37,-3,2016,2215,729,247,-9,-10,2025,2172,800,290,-11,-6,1980,2134,776,158,64,-23,2545,1609,746,256
"51","25 ST",40.660397,-73.998091,3,63,40,-61,-9,-28,5,82,151,-45,-142,-94,96,725,160,393,-334,-136,96,113,822,287,-371,-148,82,730,180,261,-224,-168,70,743,233,290,-346,-136,77,529,415,190,-90
"52","28 ST",40.745494,-73.988691,646,-907,-76,682,-158,-157,-32,-486,-473,-452,207,947,-219,-5610,-7712,3959,11696,3345,-3735,-3155,-7085,4385,12387,3882,8,-5225,-9427,5220,11210,4016,-41,-4159,-10139,4272,11457,4094,147,-5532,-7793,4593,9909
"53","2 AV",40.723402,-73.989938,195,-306,248,81,-29,187,-30,-171,-77,-387,441,389,2,1516,30,-205,-510,615,-111,1567,171,-31,-567,695,-167,1489,-41,-547,-249,684,-112,1386,20,-695,-290,948,-128,1157,-2,-1403,-676
"54","30 AV",40.766779,-73.921479,89,529,-5,-271,-1,-8,-5,371,1087,-51,-483,-295,820,5864,751,-1305,-2581,-602,853,6280,664,-1752,-2462,-704,949,6198,676,-1721,-2774,-707,837,6152,784,-1438,-2660,-696,773,5977,550,-1427,-2067
"55","33 ST",40.746081,-73.982076,460,-297,-41,747,198,184,25,-27,310,269,71,646,151,-1065,-3695,1736,7940,2203,251,-1405,-3268,2028,8609,2563,316,-1443,-3626,2175,8077,2610,272,-1452,-3240,2556,7654,2814,302,-1493,-3129,2488,7248
"56","33 ST-RAWSON ST",40.744587,-73.930997,-25,-78,226,50,-8,-46,-14,-61,-118,138,129,47,-606,-4019,2551,5784,2091,178,-597,-2024,391,4836,1688,187,-543,-3330,1824,4973,2240,114,-479,-3214,1932,5041,2031,115,-468,-2507,1578,4126,876
"57","34 ST-HERALD SQ",40.752287,-73.993391,-432,-2152,1349,1001,87,91,-211,-1848,-1842,1822,4100,1171,-2233,-16812,-193,17786,12578,2146,-1598,-8077,-7816,15753,14102,2290,-1597,-12059,-3599,16498,12911,3158,-1743,-8080,-8475,16349,13786,2344,-1626,-12631,-2886,14175,12195
"58","34 ST-HUDSON YD",40.752287,-73.993391,-68,-172,313,-19,-33,-37,-37,-276,-318,112,-29,55,5,-3377,-299,2176,235,84,-774,-596,-2637,2313,312,154,-753,-2105,-171,1948,365,113,-701,-2233,-369,1936,367,114,-796,-2352,-435,1556,336
"59","34 ST-PENN STA",40.752287,-73.993391,-161,-2147,669,2087,340,307,-510,-1982,-2682,714,3881,1285,-955,15842,6230,-6001,4233,3721,3410,42210,7794,-17225,-2154,3032,2396,36622,5107,-16005,-2672,3726,4387,34354,4969,-14191,-1252,1667,2731,30042,2593,-16254,1199
"60","36 AV",40.756804,-73.929575,89,214,114,-121,0,-2,0,116,581,131,-110,-136,251,1640,520,156,-613,-174,268,1836,343,178,-506,-226,253,1868,388,-4,-589,-268,304,1858,428,50,-607,-241,252,1865,406,-140,-304
"61","36 ST",40.655144,-74.003549,-284,168,195,217,-295,-187,-141,219,787,301,136,-84,-117,738,309,1548,3908,107,-152,811,337,1707,4415,38,-213,660,657,1630,4077,-25,-215,834,691,1744,4181,-14,-245,663,855,1755,3535
"62","39 AV",40.752882,-73.932755,11,66,102,-46,-7,-1,-13,68,162,63,18,6,-59,-76,160,732,66,18,-37,-72,60,792,111,27,-55,-94,76,785,79,6,-38,-16,98,804,69,-4,-46,-27,132,684,104
"63","3 AV",40.732849,-73.986122,28,-202,27,-51,3,49,-1,-136,-502,-64,525,203,-106,-1688,-162,1024,1081,307,-232,-1794,-305,1089,1086,455,-232,-1790,-298,975,1259,374,-210,-1743,-324,910,1082,451,-191,-1579,-170,705,781
"64","40 ST LOWERY ST",40.743781,-73.924016,96,267,-11,-227,-17,-5,-22,241,646,-313,-532,-206,450,2651,427,-6,-1313,-440,434,3161,552,-578,-1426,-497,438,3163,433,-425,-1380,-491,397,3100,141,-400,-1431,-511,413,3068,348,-574,-1152
"65","42 ST-BRYANT PK",40.754672,-73.986754,-217,-707,300,178,-24,41,-61,-734,-1270,120,924,421,-1282,-18203,-1362,13992,6777,1006,-1540,-19589,-1404,13869,8287,1080,-1518,-20169,-1676,14238,8064,1113,-1563,-19706,-1591,13898,8228,1276,-1469,-18251,-1800,13856,5378
"66","42 ST-PORT AUTH",40.754672,-73.986754,1206,-501,422,2560,190,262,-24,63,650,985,2337,3105,5646,26924,1680,-6925,1966,3209,6418,21065,9030,-8070,1224,4989,5864,26271,668,-8578,828,4648,6096,17404,9004,-7810,235,5161,5948,22283,289,-6553,959
"67","45 ST",40.648939,-74.010006,153,293,88,-270,-63,-81,125,592,482,19,-340,-250,745,2499,477,-1,-465,-284,747,2357,661,33,-572,-324,729,2431,648,20,-532,-324,732,2333,666,152,-649,-309,684,2162,664,-74,-262
"68","46 ST",40.756312,-73.913333,-284,156,287,-65,-164,-99,-85,124,430,343,-175,-400,-102,1347,2149,464,-1437,-818,-147,1123,2252,438,-1440,-1004,-99,1469,2774,326,-1544,-950,-192,1412,2860,288,-1382,-1037,-204,1233,2771,222,-1295
"69","46 ST BLISS ST",40.743132,-73.918435,208,652,-9,-273,-2,-2,-1,457,1169,-95,-642,-343,1085,4619,902,-710,-1641,-503,1073,4769,1085,-945,-1564,-508,1043,3788,1954,-819,-1635,-543,1000,4494,996,-586,-1676,-553,1007,4454,869,-498,-1151
"70","47-50 STS ROCK",40.758663,-73.981329,-399,-1482,690,369,186,359,20,-1229,-1821,1364,1503,536,-2807,-37245,-2704,37272,1024,1508,-3102,-39828,-2915,29166,11365,1727,-3249,-40029,-2818,29516,11264,1836,-3279,-38940,-3245,28418,11067,1909,-3086,-37191,-486,26824,9163
"71","49 ST",40.759901,-73.984139,-170,-541,661,222,146,117,-18,-194,-740,922,1165,404,-970,-6946,493,7288,2905,553,-1067,-7246,-95,5653,4776,694,-1103,-7019,-506,6874,4336,779,-1025,-6718,-427,5508,4581,843,-962,-6246,130,5839,3198
"72","4 AV-9 ST",40.670272,-73.989779,-27,-34,24,-77,-68,-40,-17,-21,-235,-160,-88,-78,-61,-26,-79,-498,-503,-37,-66,-28,-66,-459,-663,-165,-62,-22,-92,-486,-635,-143,-37,61,-136,-306,-765,-135,-69,-38,-57,-585,0
"73","4AV-9 ST",40.670272,-73.989779,-31,-41,230,17,22,-45,-29,-31,31,335,252,-17,1,2249,328,584,-139,-21,18,680,2179,625,-249,-47,22,2319,336,644,46,-41,-4,2234,457,698,-142,-9,-9,2148,353,366,0
"74","50 ST",40.63626,-73.994791,-27,-429,1250,453,253,284,79,178,-212,1904,1966,969,-911,-8727,1645,12221,4506,1304,-1238,-10566,949,11643,6733,1396,-1286,-10217,-545,12342,6652,1566,-1285,-10619,831,11314,7061,1762,-1159,-9782,1375,11007,5049
"75","51 ST",40.757107,-73.97192,-261,-584,549,-23,0,2,-68,-199,-478,-144,321,218,-933,-10930,33,7052,3080,551,-1069,-11833,-211,6710,3525,655,-1135,-11307,-477,6714,3411,470,-1181,-11062,-569,6498,3308,656,-1041,-10564,295,6376,2306
"76","52 ST",40.757107,-73.97192,-388,217,251,-250,-115,-15,-6,-3,413,372,-331,-442,-110,1412,1860,63,-1628,-1038,-195,1316,2024,171,-1693,-1096,-268,1318,1928,115,-1507,-1156,-223,1303,1980,171,-1549,-1101,-235,1281,1893,102,-1331
"77","53 ST",40.645069,-74.014034,146,464,170,-160,8,-34,135,682,687,276,-114,-167,669,2465,795,952,71,-205,638,2348,1005,952,-99,-242,699,2205,1012,971,164,-217,625,2257,947,1006,28,-218,613,2119,996,883,121
"78","55 ST",40.631435,-73.995476,23,67,69,-16,-1,0,0,16,123,31,26,-47,147,387,209,436,72,8,184,400,261,413,16,-9,169,371,284,382,43,3,162,349,242,463,57,215,-51,130,388,440,-11
"79","57 ST",40.764664,-73.980658,459,-409,-565,519,149,108,55,-84,-730,-1036,1254,554,168,-1589,-5048,592,5951,1668,417,-1763,-5447,536,6414,2110,394,-1950,-5583,838,6515,2074,448,-1843,-5442,918,6288,2006,511,-1957,-5018,1224,6153
"80","57 ST-7 AV",40.764664,-73.980658,-235,-585,1479,828,282,155,-41,68,168,2225,1276,666,-752,-5185,1741,10430,4185,1221,-775,-5086,1305,10008,5834,1345,-844,-5227,1557,10112,5737,956,-875,-1639,-2232,9635,5601,1275,-820,-5040,1779,9615,4146
"81","59 ST",40.641362,-74.017881,-241,-965,2768,946,98,0,117,429,-313,3388,2581,576,-936,-11719,1109,17721,7772,1401,-1599,-12004,2314,19363,8993,1475,-1536,-14186,2822,18776,8813,1402,-1515,-13332,1756,18996,8853,1609,-1612,-12459,2220,19179,8154
"82","59 ST COLUMBUS",40.768247,-73.981929,-271,-1056,1873,2217,480,388,-43,-1190,-1683,4283,3644,1356,-1555,-10188,778,15734,9396,2322,-1893,-11699,967,15717,10663,2645,-2025,-11621,869,17140,11081,2160,-2016,-11666,1012,16299,10930,2504,-2037,-11031,2819,16134,8589
"83","5 AV/53 ST",40.760167,-73.975224,15,-329,-498,733,40,57,13,-141,-1281,-374,877,173,-50,-9897,-8744,2734,12598,1004,-71,-8416,-13509,3778,14393,1193,-49,-12780,-8898,3707,14040,1307,-28,-11886,-9361,3889,13844,1300,21,-11525,-8563,4677,12531
"84","5 AV/59 ST",40.764811,-73.973347,0,-534,-187,1349,186,128,5,-145,-1194,223,2262,494,34,-2723,-2539,2641,6321,949,13,-3033,-2433,2760,7517,1008,5,-3358,-2374,2620,7120,1066,-11,-3266,-2418,2649,6897,1159,-14,-3023,-2700,2870,6284
"85","5 AVE",40.764811,-73.973347,-80,-269,188,42,9,10,-3,-210,-484,286,325,37,-515,-6084,-302,4644,2658,324,-576,-6664,-388,5221,2909,393,-624,-3952,-2575,5122,2948,397,-562,-6313,-292,5095,3001,417,-551,-5876,-127,5148,2088
"86","63 DR-REGO PARK",40.729846,-73.861604,231,536,525,69,41,-14,131,950,886,1160,521,-35,1193,6187,1470,1629,353,-67,1175,5094,2857,1632,287,-125,1126,6279,1933,1485,280,-154,1143,6100,1953,1563,157,-75,1115,5862,1758,1437,455
"87","65 ST",40.749669,-73.898453,-224,180,218,-211,-281,-98,-85,181,462,194,-279,-288,-105,840,1016,163,-389,-326,-111,816,955,223,-357,-399,-161,747,1017,165,-1040,1696.5,-175,722,1018,214,-514,-456,-160,691,1062,139,-435
"88","66 ST-LINCOLN",40.77344,-73.982209,38,-398,-934,1206,44,1,-83,-54,-701,-850,1094,676,3,-1644,-2664,1835,2876,1476,39,-840,-2673,1018,2458,2677,97,-1042,-2422,1066,2291,3239,95,-873,-2235,715,2144,3040,102,-883,-2116,969,1559
"89","67 AV",40.726523,-73.852719,73,309,71,42,-6,-9,57,463,778,250,-113,-48,11,5209,1105,-88,-836,-68,787,4787,813,-134,-724,-142,748,4811,832,-361,-739,-229,727,4735,847,-242,-848,-219,673,4507,747,-384,-603
"90","68ST-HUNTER CO",40.768141,-73.96387,58,-674,-330,1120,402,379,27,-155,-82,352,1658,646,79,-1983,-1903,3923,9687,1931,204,-2218,-2023,4201,10410,2217,121,-2586,-1926,4127,10412,2189,128,-2347,-2194,4184,10203,2269,180,-2851,-3902,6308,10658
"91","69 ST",40.768141,-73.96387,-192,80,125,-160,-46,-17,-1,-3,203,215,9,-263,-95,870,982,29,-899,-579,-168,760,1032,14,-723,-620,-184,758,970,-68,-727,-630,-189,706,1024,-34,-653,-628,-207,705,967,-85,-756
"92","6 AV",40.737335,-73.996786,-5,-67,289,117,36,34,-4,-109,73,367,356,99,49,-209,264,1440,1246,180,66,-186,257,1623,1418,232,114,4,230,1686,1532,196,47,121,278,1669,1424,264,73,-90,404,1825,1412
"93","71 ST",40.619589,-73.998864,210,491,-35,-107,-27,-18,-4,443,582,100,-102,-80,949,3436,604,-287,-406,-173,997,3431,658,-235,-414,-164,993,3397,595,-248,-420,-176,960,3353,605,-142,-452,-151,909,3246,658,-201,-329
"94","72 ST",40.775594,-73.97641,1000,-924,-360,1355,398,214,-37,-531,-1215,1316,2244,1486,75,412,2589,586,-950,888,200,80,2881,680,-656,102,194,-107,3184,950,-1212,1154,159,-100,3225,790,-746,580,157,-568,2604,611,-1075
"95","74 ST-BROADWAY",40.746848,-73.891394,16,-95,-97,-144,-27,-18,3,-24,-65,-266,-64,-85,62,118,-231,-836,-287,-139,64,164,-433,-351,-379,-148,74,72,-183,-618,-414,-215,38,205,-83,-781,-344,-213,85,39,-209,-700,-292
"96","75 AV",40.718331,-73.837324,43,129,150,65,30,1,22,160,388,239,133,14,313,1968,456,575,227,28,314,1993,507,683,265,25,302,2057,495,668,220,31,278,2004,492,654,246,22,272,1945,500,630,243
"97","75 ST-ELDERTS",40.691324,-73.867139,121,160,-19,-132,-6,-9,27,8,251,-32,-127,-115,852,1114,276,-460,-406,-187,800,1222,286,-465,-404,-183,749,1174,277,-488,-440,-178,713,1201,237,-347,-462,-158,690,1161,277,-325,-431
"98","77 ST",40.629742,-74.02551,134,-648,-1168,1180,158,142,80,208,-931,-888,1043,1150,765,1628,1328,1581,1380,535,897,1367,1033,1784,2728,391,865,862,958,2127,3046,658,754,1361,685,1935,2569,667,730,645,539,2041,1995
"99","79 ST",40.613501,-74.00061,514,365,267,1085,292,134,77,438,803,690,1651,996,4168,374,3645,1835,2239,799,1027,3622,3273,2180,2605,974,962,2888,3946,1942,2742,890,955,1826,5052,1942,2367,884,1010,3398,3187,1530,2650
"100","7 AV",40.67705,-73.972367,342,-293,-83,855,-6,130,76,-139,-481,340,1427,926,122,361,369,1972,6122,1222,248,-193,-277,1725,6673,1853,243,-235,-520,1981,6882,1179,226,-227,6,2077,6589,1235,312,-430,402,2119,5670
"101","80 ST",40.679371,-73.858992,4,122,77,46,-1,0,0,8,55,80,50,19,20,666,473,250,83,41,14,637,472,225,125,46,12,589,453,215,107,33,15,566,443,214,97,45,17,541,446,217,150
"102","81 ST-MUSEUM",40.781433,-73.972143,15,-144,-1074,1510,120,11,32,-64,-702,-199,1739,192,19,-164,-137,497,1701,169,54,-298,-175,395,1727,220,4,-406,-97,449,2005,125,-38,-357,-421,711,1978,193,11,-335,-446,612,1905
"103","82 ST-JACKSON H",40.747659,-73.883697,186,240,-408,-458,-3,-3,-9,130,267,-464,-789,-551,1322,2097,-469,-2680,-1598,-861,1217,1827,-208,-2440,-1734,-918,1245,1593,-291,-2295,-1908,-1030,1093,881,529,-2672,-1754,-1058,1040,1694,-305,-2571,-1628
"104","85 ST-FOREST PK",40.692435,-73.86001,176,94,597.5,985,-10.5,0,-3,128,304,81,33,-38,922,1895,363,-445,-289,-124,883,1784,428,-371,-280,-131,845,1670,395,-369,-311,-88,796,1711,402,-311,-301,-103,737,1596,359,-265,-227
"105","86 ST",40.622687,-74.028398,-315,-1239,787,1512,-24,-52,-58,-612,185,2852,1420,1056,600,16564,2936,3887,-2304,480,759,14883,4833,5975,-3382,160,785,15358,3914,4340,-2558,-379,568,14935,3418,5639,-2635,81,375,13330,3804,3266,1107
"106","88 ST",40.679843,-73.85147,-41,167,134,32,-5,0,-1,-2,142,190,23,10,1,1331,1024,245,-267,-60,-21,1423,1109,394,-252,-72,-11,1409,1135,326,-348,-81,-22,1396,1152,314,-342,-100,-23,1436,1103,323,-288
"107","8 AV",40.635064,-74.011719,1333,153,-306,1548,250,370,263,-153,-451,615,1937,1463,185,1328,408,1630,4656,2327,306,1015,328,1787,5307,2697,504,875,241,1992,5320,3101,634,867,268,2082,5128,3186,984,886,536,2461,4385
"108","8 ST-NYU",40.730328,-73.992629,99,-157,381,188,77,44,10,-180,-46,193,757,335,-58,-177,109,1553,1741,537,-76,1259,-1406,2570,1982,587,-120,-383,451,2523,2420,595,-120,-543,358,2359,2215,732,-109,-458,944,2007,1760
"109","90 ST-ELMHURST",40.748408,-73.876613,597,1047,-14,-285,-2,-1,0,739,1426,385,-297,-402,2586,5745,1279,144,-623,-582,2591,5442,1538,205,-699,-572,2565,5208,1523,250,-639,-602,2481,5305,1511,295,-703,-719,2477,5063,1379,554,-394
"110","96 ST",40.791646,-73.964699,-646,-218,1210,1487,370,61,-161,215,1821,2266,868,316,61,4059,12091,6344,3933,-517,60,3418,12760,7632,3854,-1032,-202,3238,12780,7572,5286,-531,-249,3121,12547,8056,5812,-456,-218,2414,12922,5919,5911
"111","9 AV",40.646292,-73.994324,-257,180,274,-324,-115,-12,-28,-29,372,127,-234,-632,-172,1366,1410,-195,-1259,-991,-208,1163,1410,147,-1296,-964,-252,1186,1363,76,-1057,-1014,-214,1082,1469,50,-1216,-948,-240,1131,1372,42,-1117
"112","9TH STREET",40.670847,-73.988302,121,-82,-45,28,-1,19,6,-84,-365,-47,217,120,20,-729,-819,94,938,549,-51,-1326,-473,393,1223,365,-24,-1072,-1007,161,1428,566,-150,-1989,-669.5,-173,994,1018,94,-957,-1164,183,589
"113","ALABAMA AV",40.676992,-73.898654,-8,197,2,-6,-18,0,0,-3,-19,62,26,2,2,47,-44,154,132,-20,-5,-58,91,119,76,-30,7,-28,82,77,193,9,-6,11,130,39,127,-95,0,-18,61,81,107
"114","ALLERTON AV",40.865462,-73.867352,-46,312,268,125,-29,-3,-2,-4,268,353,191,117,14,1644,1214,680,244,93,-29,1651,1146,652,143,23,-18,1623,1027,746,308,46,-38,1529,953,774,222,74,-5,1497,1035,780,373
"115","AQUEDUCT N.COND",40.668234,-73.834058,-43,1,-14,-38,-4,-4,-3,8,-21,-32,-55,-42,-27,333,83,-281,-259,-93,-30,397,-7,-260,-564,-179,-24,408,-186,-123,-575,418,88,-718,-146,-463,-659,-156,-13,426,-114,-413,-570
"116","AQUEDUCT RACETR",40.672131,-73.835812,129,8,43,0,0,-1,0,-4,1,183,212,89,87,64,160,151,197,91,143,74,155,416,326,113,120,111,215,504,388,138,138,93,175,600,431,178,175,92,198,613,412
"117","ASTORIA BLVD",40.770258,-73.917843,34,610,55,-200,-39,-10,-8,304,1025,114,-436,-219,749,5441,984,-524,-1857,-396,800,5764,1015,-1107,-2122,-490,770,5576,990,-772,-1836,-633,763,5702,1035,-897,-2004,-506,714,5470,916,-935,-1307
"118","ASTORIA DITMARS",40.775036,-73.912034,143,583,-65,-384,-4,-1,-9,467,1160,-272,-742,-487,1099,7558,988,-2957,-3651,-842,1148,8293,762,-3434,-4216,-776,1168,8280,890,-3551,-3659,-1106,1138,8037,902,-3442,-3618,-860,1008,7787,529,-3201,-392
"119","ASTOR PL",40.730054,-73.99107,646,-20,-320,178,-317,-43,238,-7,-426,-687,-590,678,188,0,-794,-128,-465,1204,274,-283,-873,-156,-540,1377,839,-860,-868,-182,-511,1202,373,-409,-629,-325,-1016,1547,483,-239,-571,-136,-2091
"120","ATLANTIC AV",40.675345,-73.903097,0,0,0,0,0,0,0,0,0,0,0,0,0,0,0,0,0,0,0,0,0,0,0,0,0,0,0,0,0,0,0,0,0,0,0,0,0,0,0,0,0
"121","ATL AV-BARCLAY",40.683666,-73.97881,-22,-152,210,-112,39,-48,-71,-191,-455,-1685,2679,359,-40,-942,107,-1803,2680,410,16,5218,297,-5170,1258,700,335,5851,526,-5602,-3048,5041,359,3120,3538,-2747,-15,253,395,5207,308,-3092,198
"122","AVENUE H",40.62927,-73.961639,8,73,-40,-28,-9,-4,-4,-29,-4,-26,-24,-39,196,830,226,-260,-410,-156,187,896,116,-211,-401,-143,247,934,184,-197,-444,-130,229,895,171,-180,-434,-151,228,827,257,-159,-328
"123","AVENUE I",40.625322,-73.976127,-24,22,8,-135,-32,0,-5,-1,44,69,-45,-6,7,169,101,170,-52,-52,-10,172,235,119,-127,-48,-9,216,191,85,-42,-62,-15,236,204,-1,-49,-5,-11,219,144,28,-70
"124","AVENUE J",40.625039,-73.960803,33,198,-38,1,-1,0,-3,-4,-8,-4,34,-32,400,1645,610,490,-102,-62,433,1697,674,531,-103,-79,442,1797,605,479,-158,-47,449,1766,729,496,-19,-53,385,1605,651,453,-116
"125","AVENUE M",40.617618,-73.959399,78,161,-21,-6,-1,0,0,-5,-3,-9,18,11,355,879,1546,1177,98,1,373,1521,816,986,165,7,388,1500,751,844,143,13,392,1543,773,983,223,1383,-220,-404.5,1082,745,33
"126","AVENUE N",40.61514,-73.974197,-81,128,111,-117,-33,-2,-3,-8,278,199,18,-181,-36,834,801,171,-179,-324,-56,909,791,285,-318,-293,-58,856,806,146,-377,-202,-60,854,770,211,-365,-238,-55,796,661,196,-251
"127","AVENUE P",40.608944,-73.973022,74,189,60,-45,-1,-3,0,171,259,80,-31,-21,340,1268,233,-44,-217,-20,346,1360,260,-15,-220,-58,344,1280,341,-49,-180,-65,347,1297,239,23,-160,-55,339,1200,253,17,-102
"128","AVENUE U",40.5993,-73.955929,-102,414,365,-67,-49,-5,-2,-10,299,364,12,-115,-36,2955,2797,839,-303,-462,-94,2921,3034,1001,-394,-580,-59,2798,3048,1072,-426,-523,-56,2729,2979,930,-148,-403,-87,2729,2788,987,-182
"129","AVENUE X",40.58962,-73.97425,67,129,55,-11,-2,0,-1,117,223,166,71,5,357,1024,326,373,115,8,360,950,335,387,103,34,358,1012,350,389,121,4,345,1003,340,357,124,33,317,976,347,342,86
"130","BAY 50 ST",40.588841,-73.983765,3,141,166,0,-45,-15,-2,-23,233,255,80,32,25,927,697,482,348,13,-13,892,670,430,409,32,9,869,854,506,386,41,11,861,813,541,337,65,14,839,832,569,241
"131","BAYCHESTER AV",40.878663,-73.838591,-4,152,105,7,-22,-9,0,-11,-52,203,138,60,20,1387,1013,981,345,89,17,1412,1059,901,365,67,22,2341,2276,827,314,130,22,1367,1002,886,316,49,26,1308,1017,830,385
"132","BAY PKWY",40.601875,-73.993728,-481,605,648,-303,-265,-4,-3,1,617,566,-157,-493,-162,5431,5177,429,-3899,-1647,-341,5319,5348,687,-4126,-1703,-373,5271,5406,446,-3776,-1773,-380,5180,5444,697,-4134,-1444,-356,4984,5186,503,-3380
"133","BAY RIDGE AV",40.634967,-74.023377,269,680,436,-122,-30,-78,202,984,1061,256,-146,-110,1679,6376,1548,-458,-980,-287,1726,6865,1249,-338,-1079,-299,1760,6463,1647,-302,-1113,-264,1619,6447,1467,-181,-1145,-239,1504,6044,1399,-105,-782
"134","BEACH 105 ST",40.583209,-73.827559,-21,-3,-8,0,0,0,-1,-1,-2,-5,-22,-13,-9,99,-11,43,-47,-42,-6,110,7,-2,-125,-57,-12,109,3,11,-151,-45,-4,103,-3,9,-117,-32,-11,92,7,2,-110
"135","BEACH 25 ST",40.600066,-73.761353,27,33,-47,-15,-6,-5,-10,-7,-3,-30,-34,-34,362,329,154,-112,-356,-102,348,387,185,-458,-474,-144,411,405,92,-483,-418,-119,357,440,157,-463,-441,-127,365,414,152,-358,-336
"136","BEACH 36 ST",40.595398,-73.768175,6,8,-30,-13,-4,0,-2,-9,-16,-49,-19,-17,200,255,7,-94,-156,-64,199,201,52,-225,-243,-83,203,183,-2,-261,-157,-75,204,190,5,-301,-188,-75,194,180,46,-201,-194
"137","BEACH 44 ST",40.592943,-73.776013,3,18,-20,-11,-6,-2,-3,-12,-16,9,-4,-28,80,189,-4,-38,-120,-39,85,164,88,-114,-152,-50,67,176,39,-142,-130,-44,75,176,49,-142,-140,-42,80,150,37,-115,-123
"138","BEACH 60 ST",40.592374,-73.788522,59,2,-27,-27,-13,-21,-4,-4,-16,-7,-61,-81,502,618,59,-36,-380,-178,465,569,196,-576,-557,-176,487,599,120,-477,-487,-183,489,610,151,-491,-493,-182,449,571,125,-356,-451
"139","BEACH 67 ST",40.590927,-73.796924,9,-25,-49,-27,-11,0,-3,-37,-8,-19,-5,-62,450,597,63,-434,-384,-135,401,609,160,-606,-551,-174,400,678,131,-563,-485,-173,404,705,101,-590,-540,-166,392,607,81,-501,-460
"140","BEACH 90 ST",40.588034,-73.813641,-63,-3,-27,-2,-2,-2,-3,-3,-6,-10,-18,-22,-40,389,87,4,-1173,-116,-36,411,86,-22,-248,-122,-34,384,48,-56,-259,-93,-38,378,76,-31,-262,-132,-37,375,77,-5,-236
"141","BEACH 98 ST",40.585307,-73.820558,-13,-6,-4,-1,-1,-2,-2,0,-2,-14,-15,-15,-26,180,1,73,-113,-47,-19,190,17,-25,-161,-54,-10,195,0,-11,-140,-67,-8,192,13,10,-122,-56,-12,163,43,-4,-130
"142","BEDFORD AV",40.717304,-73.956872,201,-335,61,-6,-14,96,26,182,-178,-382,-351,304,241,5464,559,-3489,-4410,67,18,6396,145,-2632,-5791,71,-36,6747,331,-3942,-5707,425,1,6547,390,-3553,-5487,296,1,6112,181,-4842,-5554
"143","BEDFORD-NOSTRAN",40.689627,-73.953522,28,323,251,-7,-3,-47,29,446,959,301,-167,-134,541,3785,846,65,-756,-197,513,2629,2269,176,-799,-274,514,3805,833,385,-763,-264,472,3597,967,159,-602,-267,447,3474,1026,79,-253
"144","BEDFORD PK BLVD",40.873244,-73.887138,-130,505,267,-157,-147,-61,-67,446,647,361,-180,-232,395,3009,2298,949,-742,-776,344,3147,2362,880,-1005,-534,356,3099,2620,973,-1195,-594,261,3092,2368,582,-1135,-614,294,2993,2507,628,-707
"145","BERGEN ST",40.686145,-73.990862,100,1,265,377,71,93,29,32,403,420,342,481,61,2361,2784,388,41,223,80,2399,2971,469,237,293,3785,1513,141,388,-92,288,80,2297,2697,558,46,261,60,2175,2790,369,-52
"146","BEVERLEY ROAD",40.644031,-73.964492,56,103,-29,-5,0,-1,-1,-2,-1,-1,-46,-71,287,1254,143,-639,-623,-263,295,1266,135,-583,-731,-240,317,1310,288,-539,-633,-301,303,1256,228,-537,-580,-263,286,1149,206,-442,-325
"147","BEVERLY RD",40.644031,-73.964492,409,8,210,60,56,5,108,373,472,294,144,31,717,2070,571,294,97,9,746,2006,661,331,133,14,719,2020,737,395,137,2653,-69,235.5,699,378,141,15,522,1930,716,438,151
"148","BLEECKER ST",40.725915,-73.994659,205,83,1118,652,281,379,74,37,885,1533,1221,478,162,1878,1027,2777,2319,697,172,1671,1025,2918,2480,793,173,1841,1094,2876,2766,885,165,1727,1233,3095,2744,1023,158,1744,1336,2878,2613
"149","BOROUGH HALL",40.693219,-73.989998,-65,-250,761,286,85,33,-3,-31,429,656,570,152,-306,-338,2978,8447,1780,256,-343,-574,3681,9011,2077,237,-431,-562,3977,9075,2177,259,-397,-834,4062,9793,2023,239,-396,-618,4392,8206,1754
"150","BOTANIC GARDEN",40.670343,-73.959245,-49,-12,-59,-122,-56,-49,-15,-15,-98,-110,-185,-77,-37,-24,-387,412,-186,-150,-39,11,-144,-44,-114,-179,-43,12,-102,-7,-221,-119,-51,1,-70,-55,-214,-136,-48,-16,-39,-45,-359
"151","BOWERY",40.72028,-73.993915,20,-118,176,51,-28,15,1,-47,-296,179,283,145,-43,-233,30,572,462,160,-53,-338,-58,574,527,195,-61,-292,-15,576,527,168,-55,-339,23,444,447,215,-62,-359,8,391,386
"152","BOWLING GREEN",40.704817,-74.014065,-78,-197,93,6,31,0,13,-27,68,242,7,-35,-280,-7366,421,8747,1852,-34,-377,-8161,-12,10331,2183,70,-249,-8451,554,10318,2376,-49,-471,-8258,353,10552,1999,40,-443,-7157,162,9811,1499
"153","BRIARWOOD",40.709179,-73.820574,124,196,96,-56,-22,-22,58,361,418,62,-46,-85,653,2243,762,-239,-435,-102,636,2273,840,-132,-505,-135,554,2283,905,-80,-492,-164,566,2109,755,-82,-498,-155,552,2107,722,-87,-390
"154","BRIGHTON BEACH",40.577621,-73.961376,123,184,-88,-17,-17,-9,-5,-16,-5,-10,43,-79,955,2468,2691,-697,-331,-248,1017,2703,805,-23,-603,-207,1006,2361,1571,233,-286,-188,955,2443,1560,292,-388,-186,940,2649,766,80,-442
"155","BROAD CHANNEL",40.608382,-73.815925,-1,-4,-8,-6,-10,-5,-4,-11,-5,-13,5,-8,-1,98,43,26,-95,4,2,145,49,20,2,7,5,163,47,19,4,0,7,162,39,24,20,2,3,143,48,24,10
"156","BROAD ST",40.706476,-74.011056,62,-18,21,144,45,35,11,6,25,163,163,73,24,-197,-893,1208,4023,515,29,-191,-1076,993,4439,598,-23,-250,-938,946,3618,653,-23,-226,-955,1022,4519,633,-4,-227,-853,1101,4094
"157","BROADWAY",40.76182,-73.925508,-52,524,108,-112,-66,-45,-11,339,1277,224,-533,-390,690,5702,1335,-623,-2210,-551,637,6593,1195,-992,-2203,-804,701,6214,1171,-1075,-2099,-903,632,5979,1336,-892,-2289,-741,569,5939,952,-781,-1541
"158","BROADWAY JCT",40.678334,-73.905316,34,232,44,-308,-225,-187,46,416,276,82,-93,-153,365,1630,180,-447,-606,-180,500,1743,391,-455,-625,-156,548,1922,369,-866,-483,-193,633,1874,433,-479,-588,-237,591,1789,390,-533,-730
"159","BRONX PARK EAST",40.848828,-73.868457,-12,176,134,64,-17,-1,-11,-1,142,111,44,42,-5,860,531,338,57,-2,6,806,603,366,93,-8,3,871,611,358,36,23,7,843,543,324,15,20,-9,783,567,319,108
"160","BROOK AV",40.807566,-73.91924,-293,252,176,-167,-52,-53,-53,211,236,254,-177,-307,-116,912,527,149,-475,-457,-169,825,572,384,-343,-542,-189,804,649,378,-226,-475,-193,947,630,368,-454,-500,-190,810,608,181,-278
"161","BROOKLYN BRIDGE",40.712868,-74.004806,-201,-166,185,101,21,-85,-52,-90,269,267,166,40,-759,-5807,358,7107,1880,192,-896,-5219,919,7691,2145,214,-908,-6195,828,7517,2200,189,-918,-6000,887,7508,2225,251,-867,-5805,1200,7324,1706
"162","BUHRE AV",40.84681,-73.832569,-166,135,37,-103,-32,-4,-4,-16,119,104,-120,-131,-71,1309,761,-29,-1370,-405,-140,1393,799,-124,-1349,-418,-121,1378,738,-100,-1460,-348,-151,1365,747,-144,-1796,-120.5,-134,1292,660,-80,-1256
"163","BURKE AV",40.871356,-73.867164,-22,243,130,81,-15,-2,-4,-9,208,234,109,85,8,1344,844,366,-78,-4,0,1298,895,388,-30,7,8,1236,862,342,-47,-25,14,1256,843,397,-10,10,-14,1179,822,471,59
"164","BURNSIDE AV",40.853453,-73.907684,281,572,151,-103,-7,-12,-32,369,607,247,-63,-141,2467,1384,1310,451,-292,-286,1233,2233,1282,610,-217,-303,1230,2439,1236,643,-265,-220,1220,2451,1074,505,-244,-317,1187,1739,2664,250,-105
"165","BUSHWICK AV",40.682829,-73.905249,2,86,-35,-51,-1,-15,-8,-9,167,68,-70,-57,160,614,181,-93,-236,-78,143,677,191,-16,-297,-115,159,698,219,60,-234,-105,151,672,248,-21,-158,-140,133,652,175,-23,-119
"166","B'WAY-LAFAYETTE",40.725297,-73.996204,447,-395,-987,356,-309,-96,-9,-151,-1688,-1896,392,722,54,-1433,-8659,-1500,4665,2341,174,-1607,-9650,-1646,4477,2581,177,-1784,-9440,-1410,3720,2479,224,-1757,-9317,-1647,2800,2687,241,-1642,-9165,-1785,2600
"167","CANAL ST",40.720824,-74.005229,505,-791,-291,2017,143,579,-12,-407,-1719,342,3563,1002,-264,-7911,-6696,10337,15383,4177,-546,-8323,-6919,10678,16504,4642,-523,-8236,-6532,10905,19285,5262,-509,-7844,-8844,10820,18574,5725,-341,-8069,-7046,10213,17207
"168","CANARSIE-ROCKAW",40.646654,-73.90185,-124,436,245,28,-164,-36,-18,-19,-23,286,272,35,-40,3812,2975,1478,453,193,-50,4167,3213,1714,817,157,-10,4148,3079,1838,1061,224,-36,4112,3200,1828,962,244,-12,4045,2957,1778,984
"169","CARROLL ST",40.680303,-73.995048,-17,152,363,79,-22,-9,-6,198,677,316,334,83,236,4509,-1299,-1477,-743.5,-283.5,1114,-1666.5,-1451,-1497.5,-956,-288.5,468,-1114.5,-1602.5,-1597.5,-1096,-311.5,455.5,-1073,-1716,-1581.5,-1023.5,-367,449.5,-1091.5,-1474.5,-1544.5,-927
"170","CASTLE HILL AV",40.834255,-73.851222,105,149,-63,-187,-5,-5,-6,129,209,-183,-226,-296,909,2164,377,-1476,-1034,-374,2178,834,311,-1281,-1095,-420,926,1919,-126,-1357,-1131,-399,875,1966,-232,-1335,-1085,-490,887,1862,8,-1311,-870
"171","CATHEDRAL PKWY",40.800605,-73.958158,-114,29,624,868,395,172,26,98,1021,1521,1119,250,5,1086,3727,2173,1977,199,49,1000,4072,2178,2683,146,17,1597,3548,2339,2599,164,-12,936,4106,2226,2881,262,9,838,4235,2658,2759
"172","CENTRAL AV",40.697857,-73.927397,-62,52,140,-105,-36,-11,-1,-2,145,122,-58,-191,-24,648,1247,53,-1060,-658,-54,591,1315,97,-1084,-590,-55,610,1392,-9,-1071,-526,-88,598,1327,64,-971,-617,-77,567,1275,116,-824
"173","CENTRAL PK N110",40.800605,-73.958158,35,266,-45,-140,-98,-118,66,343,211,-79,-337,-193,304,2047,270,222,-754,-191,315,1969,478,257,-726,-273,279,1958,448,223,-698,-190,273,1984,421,311,-573,-219,251,1879,564,216,-358
"174","CHAMBERS ST",40.714111,-74.008585,-247,-399,937,542,-33,58,-20,-649,-107,1030,984,346,-1223,-13832,2327,23775,6851,863,-1702,-12993,1019,25015,7651,997,-1615,-12805,3193,24916,7704,805,-1573,-11763,2162,24212,7716,1051,-1621,-12683,4231,24778,6292
"175","CHAUNCEY ST",40.682893,-73.910456,-46,94,173,33,-4,0,-1,0,294,265,121,-1,-13,643,853,458,-29,-47,-32,660,983,448,20,-114,-11,635,901,457,32,-136,-18,609,971,455,114,-99,-14,644,914,403,146
"176","CHRISTOPHER ST",40.733422,-74.002906,102,-262,20,81,-39,274,-4,-131,-245,181,465,472,24,-986,-592,764,1247,528,-67,-2833,731,1869,1092,512,-489,-1871,-154,326,2199,966,44,-3558,1008,-98,2150,1254,92,-1802,-842,509,1296
"177","CHURCH AV",40.650527,-73.962982,467,929,448,147,82,99,0,942,1778,1192,72,-274,2551,12050,3996,-2727,-2953,-1149,2546,11405,4914,-2675,-3503,-835,2633,12041,4030,-2920,-3449,-1325,2473,12058,4272,-2773,-3493,-1244,2352,11304,4216,-2521,-2603
"178","CITY HALL",40.713282,-74.006978,-10,5,57,28,8,17,-11,-44,94,104,68,10,-86,-884,446,2344,595,64,-124,-682,733,2303,633,63,-125,-694,709,2441,650,85,-116,-604,463,2679,667,74,-110,-751,700,2478,594
"179","CLARK ST",40.697466,-73.993086,-16,127,171,80,40,2,3,145,523,222,-1,16,95,1832,259,412,-156,19,97,1870,348,549,-113,16,40,1902,311,622,-139,-11,83,1867,383,636,-104,1,43,1679,388,597,36
"180","CLASSON AV",40.688873,-73.96007,11,157,-10,-100,-24,-68,45,317,368,-63,-313,-140,246,1907,241,-794,-1129,-182,223,1879,262,-740,-1200,-229,139,1317,763,-564,-1240,-201,190,1692,299,-478,-1069,-243,158,1757,332,-594,-882
"181","CLEVELAND ST",40.679947,-73.884639,-111,126,60,-104,-50,-3,-5,-1,182,55,-148,-162,-37,941,610,-91,-840,-401,-95,865,666,-58,-793,-389,-87,813,644,-11,-845,-358,-100,830,666,-98,-746,-380,-56,791,626,-68,-663
"182","CLINTON-WASH AV",40.688089,-73.966839,68,50,399,337,176,92,46,146,742,921,379,162,43,2754,2485,1436,718,339,116,2809,2337,1419,793,318,105,2662,2468,1465,859,367,87,2701,2311,1455,864,392,64,2509,2369,1362,877
"183","CONEY IS-STILLW",40.577422,-73.981233,-322,12,12,-297,-500,-25,-36,-15,426,269,-285,-324,-182,1933,1169,59,-2532,-1,264,1623,1260,295,-2546,1,-216,1674,1110,240,-1189,-834,-231,1666,1364,157,-1272,-937,-227,1512,1269,253,-1041
"184","CORTELYOU RD",40.640927,-73.963891,136,292,-54,-22,-22,-5,-3,-10,-8,0,48,-2,612,2792,542,298,75,-6,644,2894,679,525,120,-42,685,2943,763,521,91,6,656,2888,772,499,40,-8,667,2586,815,506,156
"185","CORTLANDT ST",40.710668,-74.011029,26,-17,-70,169,-33,6,0,-9,-245,298,471,78,-13,-522,-1866,427,2871,306,-2,-576,-1352,556,2894,310,17,-527,-2366,595,2873,279,11,-539,-1722,658,3115,275,5,-519,-1389,700,2777
"186","CRESCENT ST",40.683194,-73.873785,-193,232,108,-210,-99,-2,-11,-5,188,151,-296,-236,-57,1556,985,-249,-1730,-541,-160,1598,924,-144,-1672,-611,-181,1506,910,-130,-1515,-609,-156,1419,969,-77,-1470,-551,-174,1381,914,-213,-1499
"187","CROWN HTS-UTICA",40.679364,-73.930729,486,677,58,-799,-170,-282,310,1331,1501,-706,-725,-404,3034,11054,2002,-3408,-2661,-961,3077,10799,2671,-3317,-3256,-1092,3189,10673,2301,-3258,-2941,-944,2950,10089,2992,-2981,-3066,-1094,59.5,-732,-410,32,838
"188","CYPRESS AV",40.805368,-73.914042,-41,70,161,116,-2,-39,-13,82,153,155,-143,-194,-43,111,46,123,224,-353,-50,-4,40,436,662,-156,-52,161,307,281,314,-311,-29,78,33,250,128,-338,-55,-83,94,-149,177
"189","CYPRESS HILLS",40.689941,-73.87255,47,56,10,-42,-3,-3,-2,-31,99,24,-17,-19,239,472,112,-59,-84,-21,254,518,116,-71,-70,-27,223,501,113,-74,-78,-36,205,521,98,-43,-81,-39,204,483,124,-30,-65
"190","DEKALB AV",40.690635,-73.981824,281,1081,824,282,170,16,168,1422,2159,1263,379,56,1476,6964,3158,6004,1078,-14,1464,7421,3867,5094,1337,23,1485,7441,4011,5035,1327,17,1429,7958,3377,5372,1286,1,1306,7820,3716,4792,1317
"191","DELANCEY/ESSEX",40.718611,-73.988114,1148,128,57,498,49,-29,108,125,349,127,191,603,255,345,1730,1729,319,597,354,447,2305,1437,677,1092,-477,334,2921,851,818,1137,-485,289,2509,1264,234,1436,-181,357,2377,1325,-116
"192","DITMAS AV",40.636119,-73.978172,-54,121,124,-47,-22,-5,-3,-5,164,254,66,16,-23,804,789,277,136,-129,-24,707,745,246,-120,-123,-15,641,604,219,-164,-159,-26,584,648,217,-130,-118,-15,615,587,246,-97
"193","DYCKMAN ST",40.860531,-73.925536,254,602,708,379,280,162,64,472,1321,1272,531,99,653,3572,3183,1668,705,-33,649,3492,3319,1777,950,29,654,3571,3422,1656,726,-38,630,3479,3462,1709,826,-31,661,3347,3137,1801,1014
"194","E 143/ST MARY'S",40.808719,-73.907657,-24,-44,18,10,-1,-15,-8,-12,-21,-12,8,-49,-7,-115,-188,148,69,-18,-15,-122,-99,90,70,-16,-11,-85,-80,98,89,-19,-18,-87,-77,100,81,-25,-8,-87,-83,-71,90
"195","E 149 ST",40.812118,-73.904098,-182,134,173,-188,-78,-45,-25,152,193,44,-275,-234,-104,815,574,126,-614,-371,-136,769,573,144,-537,-385,-122,774,619,268,-507,-364,-195,813,655,143,-487,-364,-106,723,666,30,-518
"196","E 180 ST",40.841894,-73.873488,-245,304,146,-330,-143,-74,-47,-38,241,267,-134,-215,-87,2069,1106,332,-1231,-490,-211,2051,1082,303,-1108,-838,-7,2007,1027,370,-938,-654,-230,2168,1125,469,-1247,-588,-178,2097,1145,222,-864
"197","EAST 105 ST",40.650573,-73.899485,-166,64,20,-23,-110,-46,-6,-4,-25,37,-66,-77,-108,717,538,32,-584,-239,-122,732,542,122,-627,-287,-136,745,504,107,-536,-251,-160,797,540,169,-613,-320,-135,716,545,235,-619
"198","EAST BROADWAY",40.713715,-73.990173,104,447,725,74,18,-29,47,599,956,805,261,37,419,2795,1660,3215,309,-8,295,2636,1575,3288,391,34,293,2539,1567,3149,448,-2,274,2349,1598,3209,450,21,245,2457,1586,2885,386
"199","EASTCHSTER/DYRE",40.8883,-73.830834,-84,71,-16,-88,-29,-20,-21,-27,-81,18,-7,-70,-50,1286,473,-133,-1152,-345,-73,1406,464,-90,-1207,-393,-68,1439,481,59,-1306,-422,-85,1500,455,22,-1278,-366,-87,1428,461,-106,-928
"200","EASTN PKWY-MUSM",40.671987,-73.964375,15,58,-70,-94,-40,-49,10,77,0,46,-347,-67,179,1398,203,-511,-854,-144,139,1462,181,-354,-923,-198,204,1354,131,-440,-751,-200,165,1210,57,-392,-838,-194,147,1306,164,-331,-791
"201","ELDER AV",40.828584,-73.879159,-411,467,123,-409,6,-3,0,-1,341,265,-320,-307,-185,1873,966,115,-1727,-810,-275,1924,992,177,-1564,-738,-350,1952,983,187,-1510,-661,-431,1969,1092,126,-1524,-776,-331,1834,1033,117,-1493
"202","ELMHURST AV",40.742454,-73.882017,445,1319,525,-17,44,-33,305,1962,1897,1050,8,-154,1571,6198,1863,1156,98,-196,1550,2846,5048,1230,24,-223,1518,4107,4024,1293,-3,-224,1410,2043,5690,1371,49,-225,1465,4382,3437,1403,239
"203","EUCLID AV",40.675377,-73.872106,346,563,291,-350,-57,-98,303,1092,296,996,325,26,1340,3410,2057,828,197,13,1396,8943,-2222,71,157.5,51,-843.5,8358,-2101,545.5,603.5,-149.5,-659,655,6210,-269.5,1610.5,-179.5,-746.5,3218,608,493,234.5
"204","EXCHANGE PLACE",40.706476,-74.011056,-69,-30,-13,-42,-31,-8,-24,20,225,149,-236,-212,379,-24,-790,1322,-590,-302,206,-1378,604,1372,339,-121,-169,-1959,-178,2384,1204,-523,92,-552,-1973,832,3270,-584,-28,1952,-484,2389,708
"205","FAR ROCKAWAY",40.603995,-73.755405,12,-55,-170,-43,-43,-18,-26,-17,0,48,-45,-116,672,534,74,-114,-498,-157,635,366,282,-430,-684,-185,644,339,170,-457,-644,-170,641,448,121,-474,-638,-208,565,331,214,-388,-484
"206","FLATBUSH AV-B.C",40.632836,-73.947642,-249,608,446,-3,-271,-37,-80,421,972,1205,211,-142,-69,5478,5486,1312,-2121,-561,-225,5917,5448,1513,-1813,-772,-265,5810,5397,1549,-2089,-775,-153,5553,4627,2591,-1763,-643,-303,5384,4773,1385,-886
"207","FLUSHING AV",40.70026,-73.941126,2,95,317,379,-61,-26,-32,15,202,718,503,114,18,603,1372,1767,2617,358,54,682,1452,2049,2637,393,14,610,1470,2089,2462,474,22,522,1373,2075,2547,407,8,609,1432,2284,2419
"208","FLUSHING-MAIN",40.7596,-73.83003,259,1140,464,-1155,-34,-25,-42,1040,1128,448,-24,-943,3945,16621,2923,-3720,-5089,-1364,4442,16099,1865,-4057,-4759,-1591,4364,16168,2881,-4700,-5887,-1752,4245,16551,2141,-4079,-5681,-1662,3846,15691,2929,-4811,-4396
"209","FORDHAM RD",40.861296,-73.897749,660,1370,860,-102,-58,-133,327,1436,1576,1382,572,-119,2328,6051,3553,3210,1521,-136,2520,4278,5418,3230,1461,-182,2542,5835,3829,3281,1496,-162,2572,5141,4314,2937,1440,-294,2562,5655,3798,3460,1279
"210","FOREST AVE",40.704423,-73.903077,-171,172,136,-79,-71,-5,0,-1,212,161,-104,-202,-69,1633,1280,126,-1082,-479,-160,1715,1423,135,-1068,-525,-129,1636,1408,113,-1056,-485,-143,1616,1263,142,-1045,-551,-162,1544,1281,55,-902
"211","FOREST HILLS 71",40.721691,-73.844521,8,343,657,479,74,94,-6,106,949,1426,1057,449,54,5134,7981,1727,-733,28,-3,5271,8176,1993,-680,-60,-108,5621,8153,2119,-735,-138,-147,5239,8464,2091,-1086,-141,-18,5039,7668,1695,-88
"212","FRANKLIN AV",40.680596,-73.955827,-205,502,207,-202,-172,-112,14,677,1482,463,-572,-479,744,5441,2502,-172,-2392,-1110,668,5962,2445,-5,-2760,-850,658,6024,2485,-300,-2470,-917,630,1723,6464,88,-2280,-951,592,5643,2358,-157,-1584
"213","FRANKLIN ST",40.719318,-74.006886,141,-50,43,256,23,92,36,-4,12,251,175,209,2,-66,-421,517,1651,448,67,-148,-390,700,1952,567,67,-184,-356,614,1623,549,107,-415,-75,652,1763,675,105,-165,-304,724,1635
"214","FREEMAN ST",40.829993,-73.891865,-212,228,116,-105,-51,-9,-3,-12,257,253,24,-104,-69,1064,701,446,-323,-365,-198,943,920,436,-215,-430,-160,1014,737,413,-337,-468,-124,1005,784,493,-527,-410,-167,905,879,494,-286
"215","FRESH POND RD",40.706186,-73.895877,-273,198,90,-163,-59,-4,-1,-2,270,191,-247,-300,-119,2324,1758,-295,-2669,-830,-208,2510,1873,-133,-2854,-934,-204,2499,1825,-159,-2869,-852,-259,2418,1676,-79,-2729,-970,-226,2236,1646,-180,-2359
"216","FT HAMILTON PKY",40.640914,-73.994304,-382,229,419,108,-50,-9,-5,-19,332,849,241,-360,-186,2525,3541,933,-1246,-1190,-246,2193,3524,951,-1017,-1183,-222,2171,3492,940,-1149,-1166,-188,2097,3527,1020,-1061,-1122,-189,1919,3238,1242,-877
"217","FULTON ST",40.687119,-73.975375,217,-711,259,849,266,64,22,-284,-791,1350,1795,575,-225,-14449,-12396,11904,22632,2978,-41,-16924,-13770,12499,24227,3541,9,-16646,-11419,12703,23851,3916,71,-15520,-12173,11936,23906,4055,-36,-14994,-11218,12544,21331
"218","GATES AV",40.68963,-73.92227,-73,160,421,-437.5,-119,-75,-7,1,257,648,230,52,-24,1110,1907,986,261,-98,-29,1156,2064,903,321,-119,-32,1095,2094,925,370,-126,-28,1130,2007,902,238,-153,-30,1068,1931,949,297
"219","GRAHAM AV",40.714565,-73.944053,-7,242,143,-26,28,-86,8,336,826,192,-190,-58,267,3699,749,372,-1148,-242,291,4006,1029,111,-1216,-284,252,4308,822,225,-1127,-228,224,4125,1030,291,-1002,-277,232,3952,711,107,-99.5
"220","GRAND ARMY PLAZ",40.675235,-73.971046,4,136,406,167,83,49,27,365,976,710,159,49,256,3345,748,917,128,22,263,1257,2934,910,77,-4,253,3419,861,860,101,-9,221,3516,682,921,108,-5,224,3011,841,852,98
"221","GRAND-NEWTOWN",40.737015,-73.877223,448,1238,240,-412,-45,-104,203,1435,1326,526,-469,-332,2209,8241,1477,-600,-1379,-584,2200,7939,1580,-524,-1466,-754,2095,8193,1906,-770,-1493,-807,2194,2912,6993,-671,-1586,-683,2062,7995,1630,-523,-1101
"222","GRAND ST",40.711926,-73.94067,-159,-490,979,155,5,-61,10,-396,-403,1600,1025,-15,-316,-2809,1000,5806,1627,-25,-295,-2534,579,6369,1902,-22,-385,-811,-547,6174,2028,-112,-381,-448,-851,6020,1639,67,-385,-801,139,4695,2223
"223","GRANT AV",40.677044,-73.86505,168,304,90,-33,-4,0,-13,247,399,25,-240,-259,1060,3245,570,-521,-940,-346,1101,3257,694,-1069,-843,-384,1112,3347,705,-1027,-876,-377,1116,1422,2622,-962,-1003,-366,1091,3197,571,-762,-695
"224","GRD CNTRL-42 ST",40.751776,-73.976848,295,-972,552,293,119,-124,-130,-140,-1286,1588,1812,545,-1351,-12937,-17892,7639,34779,4129,-935,-9208,-27581,8874,39508,5153,-948,-15103,-20621,8956,39976,4630,-973,-12670,-23112,8997,38030,5715,-905,-14689,-19141,11009,34095
"225","GREENPOINT AV",40.731352,-73.954449,72,129,463,82,77,102,56,244,612,291,81,68,188,2412,377,662,-248,52,121,2223,418,806,-269,32,3,1510,1062,914,-89,27,83,1943,414,905,-98,-33,68,1964,421,696,-69
"226","GROVE STREET",40.733422,-74.002906,-224,120,-260,-709,-278,-172,-94,255,668,-73,-684,-478,559,6761,1862,-2027,-6507,-1108,527,9252,1217,-3977,-6216,-1145,385,7571,2608,-2529,-6511,-1699,273,8779,1468,-140,-7694,-2723,-245,7482,2467,-1688,-5918
"227","GUN HILL RD",40.87785,-73.866256,-101,332,72,-235,-168,-7,-19,-54,455,170,-64,-147,1121,3340,1098,538,-938,-545,1082,3480,1119,527,-1002,-670,1096,3467,1115,225,-1283,-641,1006,3384,1386,370,-1257,-616,1014,3406,1146,385,-1013
"228","HALSEY ST",40.68637,-73.916559,15,638,368,74,-42,-6,-12,-4,815,724,-147,-155,827,4399,2694,346,-978,-648,859,4507,2952,412,-1005,-675,876,4580,2954,515,-883,-672,876,5344,1990,346,-698,-701,860,4306,2868,593,-542
"229","HARLEM 148 ST",40.82388,-73.93647,44,157,-69,-189,-43,-49,40,227,227,-132,-328,-149,321,1129,277,-613,-543,-214,326,1331,165,-612,-589,-259,323,1304,173,-599,-645,-215,303,1398,259,-539,-623,-251,298,1300,346,-554,-556
"230","HEWES ST",40.70687,-73.953431,23,54,95,54,-9,-6,-6,-6,60,297,121,71,34,279,833,349,-20,68,37,247,837,406,134,-135,331,314,793,398,91,-18,401,250,760,363,266,-78,504,276,750,438,120
"231","HIGH ST",40.699337,-73.990531,-36,-143,-35,-32,19,-23,-7,-177,-137,-139,9,-47,-170,-131,-151,452,-340,-78,-220,-417,-303,694,-526,-88,-253,-147,-261,551,-367,-84,-232,-322,-238,713,-442,-62,-241,-308,-259,383,-81
"232","HOUSTON ST",40.728251,-74.005367,322,-73,-56,259,55,93,62,-1,-159,44,152,311,10,-678,-2398,1596,5866,1007,96,-881,-2489,1733,6498,1240,122,-893,-2464,1503,6028,1257,87,-830,-2400,1423,5694,1410,179,-795,-2223,1894,5287
"233","HOWARD BCH JFK",40.660476,-73.830301,-29,64,-4,8,-11,-8,-18,-15,-11,-4,-7,85,50,180,168,205,-322,-141,1,524,288,128,-74,-99,16,621,341,181,-41,-53,14,584,335,196,88,-105,26,600,303,244,135
"234","HOYT-SCHER",40.688484,-73.985001,-42,-161,162,104,-39,-2,-18,-125,-195,95,143,30,-232,-1117,422,2169,577,71,-224,-1167,496,2174,777,59,-199,-1263,543,2020,729,47,-263,-1260,557,2115,718,55,-238,-995,445,1705,558
"235","HOYT ST",40.690545,-73.985065,-40,-68,109,52,-39,-2,-1,-73,-234,172,90,27,-194,-1369,228,1895,608,41,-196,-1396,207,1933,703,19,-225,-1407,377,1999,617,32,-203,-1303,221,1934,751,36,-170,-1112,352,1658,579
"236","HUNTERS PT AV",40.820948,-73.890549,5,-61,150,98,-264,-64,-30,-90,-136,-56,-173,-9,-65,-942,254,386,1103,59,-23,-271,948,458,233,64,-66,-113,1007,390,116,48,-64,-185,1005,358,107,40,-130,-167,874,383,69
"237","HUNTS POINT AV",40.820948,-73.890549,-147,333,228,4,-1162,-372,-209,575,716,172,-157,-228,-109,1336,1155,402,-148,-258,-93,1532,1324,399,-548,-313,-127,1616,1398,513,-408,-259,-224,1466,1554,433,-395,-321,-165,1573,1407,558,-372
"238","INTERVALE AV",40.822181,-73.896736,-101,67,53,-109,-21,-2,-1,-4,62,84,-77,-92,-85,447,170,261,-236,-246,-95,449,237,208,-173,-222,-122,404,149,126,-146,-222,-117,412,191,262,-218,-223,-107,435,285,217,-214
"239","INWOOD-207 ST",40.868072,-73.919899,-167,282,399,48,-271,-58,-146,404,794,671,120,-108,-29,2149,2873,741,-204,-420,-102,2054,3086,884,-256,-409,-146,2162,3003,965,-206,-340,-159,2196,3003,878,-183,-414,-147,2034,3019,857,64
"240","JACKSON AV",40.81649,-73.907807,12,342,402,242,-27,-2,0,-2,240,497,374,160,58,1305,1360,1319,685,208,33,1263,1411,1280,761,253,34,1274,1478,1260,791,226,29,1274,1421,1244,783,211,53,1205,1389,1302,785
"241","JAMAICA 179 ST",40.712646,-73.783817,551,568,57,-318,-63,-74,128,522,787,339,-31,-225,3782,10736,2007,-900,-1300,-385,4432,10877,1943,-702,-1286,-543,4700,10577,1964,-922,-1292,-445,4587,10575,1908,-587,-1346,-529,4659,9609,1766,-737,-981
"242","JAMAICA CENTER",40.702147,-73.801109,541,322,-16,-656,-141,-133,53,555,880,70,-496,-765,5393,9893,2444,-3914,-3113,-1354,6215,9669,2039,-3652,-3404,-1555,6374,9887,2051,-3423,-3574,-1404,6287,9777,2361,-3236,-3382,-1552,6052,8811,2342,-2887,-2783
"243","JAMAICA VAN WK",40.702566,-73.816859,-145,121,84,-136,-128,-75,-50,166,216,200,-92,-175,-80,785,370,-27,-770,-394,-72,677,546,15,-795,-395,-139,743,476,-41,-820,-358,-160,761,472,176,-901,-434,-150,691,494,-59,-694
"244","JAY ST-METROTEC",40.692338,-73.987342,85,69,917,293,166,-17,-2,382,936,1128,436,111,-319,-4910,3546,15227,3633,348,-345,-5103,3814,15869,4139,324,-409,-4248,3761,15764,4465,370,-428,-4782,4450,16019,4348,326,-377,-3825,5097,14884,3740
"245","JEFFERSON ST",40.706607,-73.922913,248,322,411,240,101,89,75,395,963,859,310,98,439,2440,815,1374,306,67,463,1944,795,1313,374,163,483,2503,900,1466,403,137,470,2511,923,1488,391,192,477,2446,908,1431,576
"246","JKSN HT-ROOSVLT",40.746644,-73.891338,921,2129,420,-1848,-640,-804,1322,5062,2617,180,-1100,-911,3445,14031,1569,-3814,-3684,-1332,3295,14214,2771,-3373,-3597,-1836,3439,9735,7616,-2923,-3443,-1914,3645,14631,2907,-2925,-3665,-1935,3437,14595,2462,-3364,-3156
"247","JUNCTION BLVD",40.749145,-73.869527,910,1689,-219,-636,-6,-13,-29,1078,1361,1,-815,-740,3484,7725,1123,-3747,-2055,-1128,3581,7520,1276,-3815,-2306,-1441,3518,7496,1166,-3962,-2281,-1374,3600,7586,1484,-4189,-2167,-1505,3623,7611,1357,-3960,-1974
"248","JUNIUS ST",40.663515,-73.902447,79,82,135,-5,-7,-6,-2,111,262,128,73,-32,342,1132,336,385,148,11,347,1028,359,345,139,-14,341,1011,369,379,157,19,327,1039,495,322,105,1,312,1003,420,410,121
"249","KEW GARDENS",40.714441,-73.831008,-362,481,97,-386,-185,-112,-15,403,766,196,-955,-527,113,7838,2062,-1430,-7762,-1557,221,6655,2549,-1203,-7457,-1602,156,7977,1716,-1356,-7669,-1470,20,7851,1977,-980,-7403,-1658,119,7512,1961,-1403,-6039
"250","KINGSBRIDGE RD",40.866978,-73.893509,-513,913,580,-172,-385,-120,-110,479,975,814,0,-296,-206,4349,2808,1622,-364,-1021,-335,5734,1685,1491,-744,-712,-444,4429,3226,1111,-698,-588,-591,4277,3055,1515,-977,-649,-543,4223,3114,1421,-691
"251","KINGS HWY",40.60867,-73.957734,-73,630,142,-151,-142,-22,-11,-13,320,303,-169,-680,1457,7100,1802,-2298,-4287,-1596,1527,7155,2011,-2529,-4265,-1640,1605,7565,1440,-2734,-4467,-1587,1483,7214,2213,-2893,-4508,-1441,1418,6591,1045,-2063,-3684
"252","KINGSTON AV",40.669399,-73.942161,6,67,-83,-138,-42,-54,17,202,395,-95,-376,-142,358,1400,393,-143,-670,-218,313,1361,496,-23,-722,-259,300,1335,621,-198,-590,-214,286,1246,495,-15,-722,-271,246,1348,871,-208,-541
"253","KINGSTON-THROOP",40.679921,-73.940858,29,136,-32,-237,-61,-93,49,271,388,-28,-488,-254,418,2066,494,120,-1054,-358,465,1839,589,179,-737,-437,435,1899,717,-36,-660,-438,356,1814,502,184,-767,-441,351,1770,625,76,-509
"254","KNICKERBOCKER",40.698664,-73.919711,-92,24,48,-136,-45,-4,-8,-3,87,120,-165,130,-32,498,955,3,-938,-507,-57,481,982,92,-964,-470,-51,527,1010,-13,-801,-365,-70,533,945,-1,-943,-419,-72,513,999,-144,-842
"255","KOSCIUSZKO ST",40.693342,-73.928814,-84,146,267,123,-33,-4,-4,-2,310,450,143,6,-36,851,1426,737,285,21,-43,848,1447,685,386,-71,-51,835,1534,585,436,-94,-38,839,1450,663,442,-76,-51,734,1405,659,352
"256","LAFAYETTE AV",40.686113,-73.973946,73,14,137,174,19,37,8,-7,55,251,309,465,41,270,912,793,722,445,36,296,1011,509,874,556,54,242,1023,685,783,615,54,253,1047,601,740,434,56,220,925,563,779
"257","LEXINGTON AV/53",40.757552,-73.969055,-213,-751,588,482,165,80,-113,-412,-317,541,458,344,-1874,-21001,-566,15467,5469,987,-2355,-22724,-712,17530,6546,1160,-2507,-23932,-633,17443,6876,995,-2698,-22886,-357,16733,6589,1293,-2562,-21495,571,16749,5004
"258","LEXINGTON AV/63",40.764627,-73.96611,-368,-706,-176,54,32,42,-100,-740,-715,-30,147,101,-1003,-4748,-746,3719,1108,275,-1200,-6195,-1125,4221,1196,290,-1214,-5068,-602,4468,1375,216,-1226,-4758,-759,4551,1295,282,-1204,-5810,-379,4598,1405
"259","LIBERTY AV",40.674542,-73.896548,-23,100,46,-11,-30,-21,-22,78,118,106,-7,-1,-22,443,526,435,284,-61,-21,494,562,299,339,-40,-5,529,508,370,187,-3,-21,514,482,377,231,-33,-24,512,461,359,178
"260","LIVONIA AV",40.664038,-73.900571,-31,47,10,-12,-55,-3,-11,-10,-16,26,45,-11,12,659,396,123,-232,-71,-37,562,339,107,-121,-113,-39,583,363,137,-166,-85,-55,586,317,167,-160,-103,-38,468,388,121,-146
"261","LONGWOOD AV",40.816104,-73.896435,-146,81,118,-70,-124,-61,-20,57,169,30,-110,-144,-77,382,269,197,-141,-188,-95,353,245,149,17,-201,-88,349,271,256,-73,-216,-122,347,271,294,-2,-233,-124,299,294,219,-2
"262","LORIMER ST",40.703869,-73.947408,235,160,418,261,12,108,109,20,737,1094,564,305,45,1423,3828,1135,884,63,68,1464,4079,1188,855,115,144,1423,4185,1264,735,188,92,1435,4046,1242,994,198,116,1327,3966,1413,862
"263","MARBLE HILL-225",40.874561,-73.909831,188,337,315,30,-1,-2,-5,194,518,518,308,65,619,1865,830,919,343,57,621,1898,934,815,355,2,612,1848,855,844,352,56,578,1824,954,841,319,43,579,1778,971,825,399
"264","MARCY AV",40.708359,-73.957757,-19,-72,-141,77,-95,-14,-18,-35,111,125,200,250,66,132,2314,591,43,-222,46,100,2548,738,154,-283,-2,74,2486,698,111,-316,-5,123,2529,666,85,-177,-101,38,2327,1100,-394
"265","METROPOLITAN AV",40.711396,-73.889601,503,99,151,371,201,160,228,56,210,701,455,411,615,1638,1851,74,-55,17,685,1797,2091,88,-263,256,641,1614,2520,-30,-95,168,627,1847,2275,41,-242,253,647,1648,2015,35,-70
"266","METS-WILLETS PT",40.754622,-73.845625,-14,-27,-35,-2,-32,-14,-12,-29,-77,-123,71,-8,-36,105,-45,-113,55,2,-18,141,-50,-58,4,-17,-15,196,-13,-37,-19,-20,-29,78,32,-16,-102,-19,-11,152,-43,-93,-163
"267","MIDDLETOWN RD",40.843863,-73.836322,-79,37,-31,-36,-10,0,-3,-10,32,17,-133,-36,-23,515,226,-5,-492,-135,-57,552,241,-17,-562,-153,-56,532,262,77,-573,-154,-54,583,307,-26,-522,-183,-35,573,277,22,-533
"268","MONTROSE AV",40.707739,-73.93985,14,241,300,56,-64,-43,-9,402,729,444,-34,-38,249,2253,689,767,-278,-162,252,2299,666,737,-316,-47,245,2226,649,637,-203,-72,199,2243,590,761,-249,-83,215,2186,637,614,38
"269","MORGAN AV",40.706152,-73.933147,52,243,434,123,90,-1,67,431,937,761,310,65,129,1620,772,1513,334,22,167,1798,732,1423,415,35,150,1846,748,1430,463,19,144,1835,771,1364,404,84,111,1797,877,1338,558
"270","MORISN AV/SNDVW",40.829521,-73.874516,267,283,-193,-143,-4,-2,0,275,297,-129,-219,-275,1161,2103,321,-1005,-894,-488,1222,2047,262,-846,-799,-531,1221,1894,508,-715,-931,-474,1227,1800,397,-855,-801,-532,1166,1802,408,-752,-685
"271","MORRIS PARK",40.854364,-73.860495,-67,85,43,-20,-2,0,-3,-2,7,71,1,-73,-15,985,380,-138,-965,-258,-42,1009,497,-75,-909,-271,-52,1011,441,-32,-975,-352,-49,979,467,-75,-918,-348,-55,958,474,-82,-860
"272","MOSHOLU PKWY",40.87975,-73.884655,11,489,366,296,-17,-2,-4,-17,358,568,389,216,53,1790,1474,1761,1432,301,75,1855,1504,1709,1382,238,20,1855,1479,1475,1292,142,-10,1797,1570,1574,1383,236,27,1691,1571,1509,1200
"273","MT EDEN AV",40.844434,-73.914685,119,159,-5,-33,-6,-2,-3,112,333,25,-118,-116,517,1151,388,160,-257,-190,556,1073,444,198,-297,-207,546,788,843,79,-239,-118,552,1061,603,-101,-188,-214,536,1161,467,51,-250
"274","MYRTLE AV",40.697207,-73.935657,-141,176,372,-7,-188,-24,-30,-67,502,864,124,-406,-10,1641,3619,900,-312,-713,-195,1717,3916,1165,-388,-837,-148,1661,3730,1089,-397,-825,-97,1766,3822,1034,-307,-833,-149,1571,3742,1152,-229
"275","MYRTLE-WILLOUGH",40.694568,-73.949046,-139,146,339,28,44,-3,-30,131,651,666,111,-180,-82,1087,1977,566,-51,-496,-114,1016,2104,660,17,-574,-116,972,2162,728,-44,-499,-123,945,1976,681,67,-468,-168,844,1994,685,101
"276","MYRTLE-WYCKOFF",40.697207,-73.935657,291,1097,197,-523,-167,-378,433,2252,2152,369,-553,-586,2040,6683,1366,-657,-1364,-844,2099,6607,1576,-992,-1427,-912,2116,6428,1666,-888,-1368,-975,2025,6697,1739,-885,-1145,-919,1975,6218,1657,-143,-665
"277","NASSAU ST",40.724635,-73.951277,121,198,435,167,94,55,59,244,575,434,223,126,431,3602,699,676,-144,112,446,3663,601,631,4,74,417,3613,588,852,-14,44,416,3396,623,678,22,114,366,2514,1459,619,159
"278","NECK RD",40.595246,-73.955161,104,243,-27,-3,-3,-3,-3,-2,-3,-42,24,13,490,2230,416,77,-101,-32,479,2341,527,69,-135,-29,504,2251,534,175,-110,-16,524,2268,477,107,-66,-19,480,2183,491,141,-57
"279","NEPTUNE AV",40.581011,-73.974574,-22,30,49,42,-33,-8,-1,-3,52,142,70,24,-3,419,358,385,77,15,-4,474,404,262,119,30,7,483,438,284,51,16,5,460,387,284,106,30,-1,447,378,237,141
"280","NEVINS ST",40.688246,-73.980492,-79,-133,24,-12,10,31,-24,-57,-72,210,-12,54,-396,-1618,157,1673,638,83,-466,-1337,298,1511,739,73,-468,-1194,63,1507,649,115,-475,-1104,27,1598,603,53,-426,-829,208,1323,289
"281","NEWKIRK AV",40.635082,-73.962793,-203,309,183,-85,-223,-31,-41,201,496,474,-32,-121,-99,2341,1934,-205,-2677,-798,-240,4124,1227,192,-2622,-869,-273,2291,1885,426,-1308,-535,-213,2294,1944,536,-1292,-445,-210,2103,1924,472,-870
"282","NEWKIRK PLAZA",40.635082,-73.962793,-447,242,128,-11,-21,-26,-4,-5,-18,-5,-29,-102,-85,2313,2466,-111,-2425,-1230,-289,2149,2752,174,-2482,-1490,-295,2192,2875,118,-2675,-1634,-333,2175,2980,225,-2715,-1556,-312,2062,2700,212,-2310
"283","NEW LOTS",40.658733,-73.899232,-135,92,-4,-58,-91,-25,-10,-3,0,55,-80,-113,-55,1159,677,-130,-735,-358,-69,1094,647,24,-744,-477,-120,1085,649,-47,-602,-439,-94,1106,567,15,-793,-438,-78,1010,583,78,-717
"284","NEW LOTS AV",40.658733,-73.899232,172,175,35,-34,0,0,0,-35,97,65,-64,-55,1059,2603,486,-115,-402,-171,990,2453,709,51,-279,7,1151,2672,550,78,-409,-148,1015,2406,670,78,-568,-123,964,2350,619,1,-400
"285","NEW UTRECHT AV",40.624842,-73.996353,-155,171,162,-318,-49,-1,-5,-2,460,330,-118,-289,-84,890,620,258,-343,-513,-101,755,672,329,-169,-516,-112,712,749,429,-287,-580,-108,693,680,472,-370,-473,-123,688,686,559,-421
"286","NORTHERN BLVD",40.752885,-73.906006,-1,166,226,-39,-100,-72,-37,153,338,219,-186,-263,-75,1008,1560,180,-652,-544,-91,1035,1101,329,-715,-576,-94,1105,1609,289,-742,-573,-241,1217,1705,251,-816,-644,-178,1070,1695,298,-599
"287","NORWOOD 205 ST",40.874811,-73.878855,-414,345,281,-197,-308,-193,-140,341,641,483,-280,-366,-189,2406,1810,349,-632,-1043,-358,2442,1970,500,-1207,-740,-374,2421,2021,566,-1201,-664,-378,2402,1943,498,-1259,-734,-362,2362,1813,464,-1017
"288","NORWOOD AV",40.68141,-73.880039,-145,165,54,-155,-38,-4,-4,3,144,56,-165,-144,-73,965,631,-176,-979,-360,-99,900,626,-42,-947,-355,-138,846,674,-63,-947,-320,-149,858,616,-29,-973,-462,-85,862,606,-47,-882
"289","NOSTRAND AV",40.680438,-73.950426,75,395,41,-317,-57,-142,95,623,1282,138,-797,-358,961,6178,1302,-520,-1863,-602,6143,1066,1376,14,-2194,-839,1057,6261,682,801,-2152,-615,944,6397,1432,-6,-1812,-779,1160,4097,3382,-39,-1721
"290","OCEAN PKWY",40.576312,-73.968501,50,66,-11,-1,-1,-3,-5,0,3,2,4,-7,274,910,464,354,-71,-34,259,937,330,301,-123,-53,275,838,298,126,-70,-80,268,840,335,171,-57,200,393,831,270,71,-66
"291","OZONE PK LEFFRT",40.685951,-73.825798,210,130,25,-196,-20,-51,-23,101,-3,-19,-111,-133,1706,3160,227,-1617,-1525,-273,1960,3415,126,-2104,-1349,-237,2050,3481,229,-2132,-1801,-832,2008,3120,585,-2270,-1294,-279,1946,3189,159,-2007,-1294
"292","PARKCHESTER",40.833226,-73.860816,-736,701,269,-632,-109,-33,-82,-60,757,550,-507,-693,-335,4800,3355,-264,-5436,-1967,-509,4941,3400,-267,-5859,-2082,-625,4856,3553,491,-5611,-1744,-731,4841,3507,637,-5569,-2111,-621,4675,3222,64,-5044
"293","PARK PLACE",40.674772,-73.957624,-71,-13,20,2,3,4,-10,-36,-70,32,9,-15,-136,-1189,277,1369,39,-191,-202,-1512,397,1836,149,-196,-210,-1510,464,1777,238,-201,-208,-1502,302,1687,255,-185,-194,-1343,369,1549,5
"294","PARKSIDE AV",40.655292,-73.961495,-276,150,107,2,1,2,-1,-1,0,-1,-1,-59,-69,1103,1358,95,-806,-509,-154,1091,1558,198,-782,-604,-203,1128,1518,245,-517,-563,-191,1069,1576,234,-718,-504,-231,1064,1473,192,-334
"295","PARSONS BLVD",40.707564,-73.803326,124,112,-127,-129,-54,-52,80,271,247,45,-280,-202,724,997,588,-505,-929,-383,783,1204,433,-775,-751,-394,640,1382,391,-793,-883,-396,710,1234,345,-487,-899,-343,700,1237,338,-573,-818
"296","PATH WTC",40.712582,-74.009781,299,92,265,314,84,22,-6,-13,-47,575,1078,437,120,-4728,834,13092,7657,795,-321,-3489,-1368,14126,14382,2242,15,-16499,-5742,12312,20958,2350,-1363,-22180,225,4005,27263,4055,360,-13955,-4973,14004,15182
"297","PATH WTC 2",40.712582,-74.009781,-72,-244,-232,-73,-61,-18,-56,-279,-675,-225.5,-448,-111,-26,-3098,-2658,-1583,-1627,-129,-91,-5129,-2001,-2866,-1279,-116,-904,-6868,-1539,-3844,-705,-56,1161,-3102,-5266,-2032,-3631,-463,-80,-5365,-2416,-2974,-1822
"298","PELHAM BAY PARK",40.852462,-73.828121,76,12,89,-65,-17,-7,-8,53,-10,124,112,5,1043,2382,458,-201,-180,-95,1057,2638,439,-396,-295,-50,1001,2415,229,-180,-431,-80,959,2447,260,-204,-247,-74,969,2220,179,-237,-152
"299","PELHAM PKWY",40.857192,-73.867615,-60,504,424,293,-43,-17,-22,-22,573,568,319,148,25,3183,2146,1451,491,95,-20,3292,2247,1317,504,68,-21,3219,2336,1289,514,-16,-19,3221,2225,1398,488,-53,-14,3134,2075,1376,464
"300","PENNSYLVANIA AV",40.664635,-73.894895,214,355,222,40,-6,-5,-3,238,504,421,213,39,979,2982,1152,1165,302,11,1035,2885,1195,1197,257,23,1000,2808,1286,1212,291,-13,992,2721,1284,1141,304,32,925,2580,1309,1007,341
"301","PRESIDENT ST",40.667883,-73.950683,-5,89,-10,-53,-10,-19,3,45,122,-93,-172,-131,228,779,154,-638,-810,-162,186,1093,156,-802,-801,-148,171,1154,120,-772,-769,-227,189,1040,237,-812,-839,-248,124,915,8,-773,-577
"302","PRINCE ST",40.724329,-73.997702,-153,-705,219,156,-21,23,1,-672,-1322,800,834,143,-60,-3275,-800,1555,1328,236,-135,-1082,-3015,2134,1837,290,-335,-3105,-562,2020,2359,261,-334,-3385,-829,2086,2011,329,-253,-3163,-863,1881,1902
"303","PROSPECT AV",40.665414,-73.992872,2,368,457,70,-63,-28,37,133,526,643,204,84,162,3466,1721,1469,369,98,126,3418,1851,1535,475,58,124,3494,2098,1726,270,52,120,5138,240,1649,240,27,106,3220,2025,1814,468
"304","PROSPECT PARK",40.661614,-73.962246,71,146,-118,-60,-40,-46,-88,-40,0,1,-64,-145,540,3260,525,-1451,-1413,-475,559,3985,-57.5,-1443,-1523,-464,587,2646,1316,-1474,-1743,-523,559,3451,667,-1340,-1652,-551,460,3287,487,-1413,-1308
"305","QUEENSBORO PLZ",40.750582,-73.940202,140,256,461,68,-6,-31,-22,219,802,565,249,133,63,1163,1557,4173,554,224,4,1234,1736,4177,813,292,-6,1043,1657,4256,915,280,105,1078,1577,4139,964,298,80,1204,2068,3961,629
"306","QUEENS PLAZA",40.748973,-73.937243,-71,-22,-30,-145,-14,-110,-64,51,144,-27,-167,-139,-21,-1002,-1975,1678,2516,125,-2,-1123,-1749,1137,2676,94,-14,-1215,-1850,1463,2706,309,-75,-1172,-1683,1416,2636,324,-43,-1084,-1312,1419,2303
"307","RALPH AV",40.678822,-73.920786,-112,207,220,18,16,18,-49,155,362,516,73,-27,-59,1379,1625,565,-57,-182,-104,1329,1516,706,-29,-124,-43,1269,1545,559,105,-106,-94,1216,1516,638,20,-48,-102,1188,1445,709,61
"308","RECTOR ST",40.70722,-74.013342,-54,239,400,68,21,-44,-8,299,802,436,1,43,-67,-352,854,4883,759,66,-150,-744,2535,3824,1031,95,-413,-575,1012,5529,1071,169,-142,-1019,1105,5927,1011,99,-118,-730,1314,5395,1059
"309","ROCKAWAY AV",40.67834,-73.911946,-154,189,208,8,-22,10,-21,154,434,419,31,-61,-49,1246,1407,534,-323,-211,-85,1612,1148,600,-207,-289,-106,1259,1378,572,-240,-290,-104,1216,1443,556,-281,-248,-135,1177,1401,563,-161
"310","ROCKAWAY BLVD",40.680429,-73.843853,0,275,236,94,-67,-15,-11,-26,55,323,155,36,-9,1298,1816,880,106,99,-7,2194,2025,936,297,97,29,2281,1958,913,182,134,2,2202,1949,811,260,46,-6,2219,1861,831,252
"311","ROCKAWAY PARK B",40.580903,-73.835592,-44,-14,-12,-3,-1,-2,-1,-1,-6,-63,-51,-46,-67,144,-18,-52,-365,-102,-44,192,4,-60,-257,-84,-22,204,-33,-43,-261,-82,-29,192,-5,-15,-258,-78,-17,185,32,-17,-230
"312","ROOSEVELT ISLND",40.759145,-73.95326,-48,72,75,-99,-33,-53,6,263,509,-193,-308,-82,-57,1795,559,-439,-1203,-96,-107,1856,442,-139,-1445,-125,-109,1823,538,-92,-1392,-188,-123,1819,528,-273,-1297,-185,-109,1810,632,-224,-1036
"313","SARATOGA AV",40.661453,-73.916327,233,363,221,18,-10,-1,1,257,512,371,94,-35,1418,3311,1004,-235,-292,-55,1421,3227,1067,-285,-318,-73,1459,3436,709,-66,-387,-26,1435,2709,1637,-83,-542,-91,1388,3111,1120,44,-165
"314","SENECA AVE",40.702762,-73.90774,-108,102,73,-111,-41,2,0,-7,178,24,-88,-98,-55,806,804,-57,-975,-413,-74,853,849,-1,-1037,-413,-67,851,787,-4,-982,-376,-74,820,782,-14,-914,-420,-84,782,832,-88,-828
"315","SHEEPSHEAD BAY",40.586896,-73.954155,-205,146,7,-19,-19,-3,-13,-4,6,14,-5,-52,-25,3021,2547,291,-2686,-1249,-104,3279,2740,171,-2947,-1054,-151,3154,2848,307,-2934,-1282,-294,2975,2881,275,-2958,-1226,-194,2969,2761,-56,-2535
"316","SHEPHERD AV",40.67413,-73.88075,-95,148,129,-42,-53,-20,-19,150,190,191,-14,-2,-37,1047,823,330,-150,-171,-67,961,898,320,-133,-177,-61,918,826,320,-54,-123,-53,915,833,331,-139,-163,-86,844,775,406,-137
"317","SIMPSON ST",40.824073,-73.893064,86,441,555,420,-32,-8,0,-13,460,683,597,288,75,2041,2280,1828,1782,513,83,1937,2370,2098,2000,482,90,1886,2250,2083,1741,469,97,1844,2237,2114,1605,502,71,1887,2201,2013,1724
"318","SMITH-9 ST",40.67358,-73.995959,-64,-229,105,-33,-1,-1,1,7,-79,-211,-57,-17,-193,-484,5,202,-278,-54,-180,-492,-7,296,-165,-86,-628,-448,-109,227,-273,-55,-218,-210,-292,318,-331,-31,-175,-430,50,191,-110
"319","SOUTH FERRY",40.702068,-74.013664,-299,94,-128,-254,-58,-12,-7,13,-180,-38,-169,-258,-106,1051,-1381,-478,-289,-739,-203,576,-1790,-144,-165,-826,-190,990,-1179,-487,49,-812,-212,1150,-1647,-446,-37,-809,-230,826,-1248,-208,52
"320","SPRING ST",40.726227,-74.003739,32,-232,735,473,108,174,52,-324,-569,1425,984,243,4,-1288,673,6502,2928,389,-163,-1382,596,7084,3106,587,-188,-1306,656,6734,3609,541,-212,-1343,823,6802,3159,702,-222,-1260,1082,6313,2612
"321","STEINWAY ST",40.756879,-73.92074,128,195,37,-176,-176,-295,189,850,555,1,165,-42,507,3320,844,258,-628,-123,506,3107,732,-120,-371,-185,527,3534,821,661,-245,-242,432,3554,508,-105,-243,-270,450,3459,568,-295,197
"322","STERLING ST",40.662742,-73.95085,114,219,141,15,11,-44,76,353,592,226,-67,-62,544,2532,599,-321,-527,-90,561,2934,-116.5,-353.5,-507,-137,526,2411,672,-311,-573,-100,523,2396,690,-136,-593,-150,432,2255,519,48,-416
"323","ST LAWRENCE AV",40.831509,-73.867618,71,221,-154,-131,-2,-1,-4,190,147,-169,-248,-218,732,1372,139,-1238,-703,-352,735,1015,499,-827,-669,-367,759,1300,264,-790,-718,-361,717,1316,239,-777,-591,-342,711,1012,393,-792,-540
"324","SUTPHIN-ARCHER",40.700486,-73.807969,-32,314,-77,-416,-133,-78,94,160,-33,-81,-161,-148,1725,3864,908,-1199,-295,-75,2044,4492,978,-1169,-1672,-1340,2222,4888,991,-1506,-1132,-1084,2061,4803,1287,-1401,-600,-1118,2222,4341,1150,-1074,-138
"325","SUTPHIN BLVD",40.70546,-73.810708,-118,214,176,-21,-20,-23,-27,139,196,215,0,-114,-60,1088,811,625,-264,-258,-92,1125,792,554,-282,-216,-71,1193,857,613,-151,-154,-99,1200,891,627,-274,-188,-87,1157,955,489,-295
"326","SUTTER AV",40.669367,-73.901975,-127,105,122,-28,10,11.5,14,17.5,115.5,-57.5,1.5,-128,-53,1046,804,1644,-112,0.5,600,818.5,11,324,241,-184,-83,1038,793,418,-54,-307,-127,1002,766,353,84,-258,-103,681,-61,-263,-9
"327","SUTTER AV-RUTLD",40.669367,-73.901975,202,222,65,-32,0,0,1,174,427,100,3,-89,1148,2842,720,-246,-488,-257,1108,2762,814,-146,-498,-268,1087,2638,789,-73,-464,-263,1152,2613,824,-136,-578,-281,1100,2519,833,-37,-313
"328","THIRTY THIRD ST",40.746081,-73.982076,281,220,411,522,99,38,32,125,402,783,1077,460,-119,-5763,-91,6300,3129,926,-82,-4783,-684,1950,7425,1659,-38,-4909,-2641,3682,7796,1476,-95,-6838,-337,1083,9291,2310,159,-5258,-2090,3504,6690
"329","TIMES SQ-42 ST",40.754672,-73.986754,3,-2039,574,1010,316,342,-106,-1047,-4467,996,4157,1886,-912,-21461,-551,20041,10763,2775,-1046,-15681,-7674,17458,15210,3299,-1113,-19980,-4115,19155,14996,3438,-1055,-17428,-6104,15918,15351,4141,-864,-19629,-2201,16857,10780
"330","TREMONT AV",40.85041,-73.905227,-272,580,345,-88,-195,-76,-115,579,679,474,-43,-120,-128,2433,2135,905,-717,-491,-182,2480,2238,813,-740,-412,-284,2649,2176,903,-649,-338,-236,2610,2095,903,-745,-281,-246,2599,2184,912,-495
"331","TWENTY THIRD ST",40.741303,-73.989344,8,-62,8,23,20,-1,2,-5,-93,-158,225,143,-210,-3619,-979,1378,3353,456,-52,-4362,-1441,2207,3053,343,-428,-5726,-1710,2830,2285,382,-141,-7122,-649,196,4359,919,18,-4947,-2487,2156,2211
"332","UNION ST",40.677316,-73.98311,-9,-157,123,-115,7,-23,-19,-87,-145,-68,106,14,22,2111,96,65,-427,25,2,2225,102,28,-459,-68,-16,2094,143,-118,-241,-77,-12,225,2012,-54,-397,-26,-14,1918,162,-128,-426
"333","UTICA AV",40.679364,-73.930729,-380,338,280,-72,-94,-36,-68,212,718,952,-15,-288,-128,2597,3783,622,-1581,-1002,-196,2501,3897,920,-1683,-1152,-262,2486,4110,930,-1745,-1210,-287,2399,4076,947,-1625,-1284,-317,2332,3960,919,-1437
"334","VAN SICLEN AV",40.678024,-73.891688,-133,137,46,-115,-37,-4,-3,14,61,-425.5,-45.5,-138,-50,845,587,-122,-808,-375,-75,806,587,-13,-834,-380,-75,774,541,-45,-787,-389,-89,737,597,-55,-814,-403,-72,719,544,-12,-718
"335","VAN SICLEN AVE",40.678024,-73.891688,-110,129,65,-144,-95,-43,-21,107,141,101,-106,-143,-66,886,604,39,-675,-326,-101,859,599,72,-759,-337,-123,841,635,21,-680,-342,-119,828,664,54,-695,-348,-113,807,580,28,-599
"336","VERNON-JACKSON",40.742626,-73.953581,-88,53,175,-62,6,-95,-24,233,842,-104,-104,54,127,5243,398,-372,-1476,-15,147,5638,366,-423,-1737,-74,181,5627,440,-468,-1518,-111,156,5980,496,-436,-1599,-156,117,5447,594,-610,-993
"337","W 4 ST-WASH SQ",40.732338,-74.000495,2498,-177,-1324,1171,78,70,315,-200,-1525,-1533,-49,2447,661,-837,-4058,-542,3178,4774,864,-1452,-4338,-748,3096,5822,1037,-1401,-4545,-703,2573,6163,1110,-1569,-5338,-243,1854,6519,1485,-1471,-4379,-237,-76
"338","W 8 ST-AQUARIUM",40.576127,-73.975939,18,22,21,-37,-6,-6,-7,-14,-7,69,22,-17,167,409,209,115,-74,-25,131,400,172,172,-81,-20,147,375,187,121,-64,-6,139,399,153,200,-55,-15,137,340,160,121,-42
"339","WALL ST",40.706821,-74.0091,-29,-265,623,536,288,140,17,0,824,974,163,67,-675,-16857,-3944,15014,10442,903,-1021,-20429,-4161,17873,11521,974,-1061,-19789,-3488,17763,12186,944,-1083,-19609,-3226,17033,11923,1013,-1113,-17035,-2137,18671,7664
"340","WESTCHESTER SQ",40.839892,-73.842952,-13,-18,21,-41,3,0,0,83,24,-31,-214,-99,491,98,463,269,-357,-187,464,450,323,160,-443,-241,497,387,185,204,-421,-196,477,466,124,111,-482,-186,433,381,315,146,-361
"341","WHITEHALL S-FRY",40.703087,-74.012994,-76,-61,16,-45,-25,27,8,12,-75,-40,65,-139,-12,58,-3162,396,3570,112,1,25,-2348,261,3531,108,-1,-21,-2818,572,3613,-32,2,263,-3462,429,3698,92,4,-16,-2740,604,3553
"342","WHITLOCK AV",40.826525,-73.886283,61,48,-48,-35,-4,-5,0,0,12,-54,-103,-123,190,233,18,-173,-155,-105,167,279,-53,-211,-183,-89,184,340,38,-197,-165,-116,186,317,58,-181,-213,-89,184,307,9,-154,-163
"343","WILSON AV",40.688764,-73.904046,24,234,-116,-170,-1,-15,-18,-19,269,17,-407,-243,369,1428,305,-528,-868,-309,374,1330,380,-462,-789,-359,368,1339,325,-391,-843,-360,366,1405,287,-495,-751,-443,364,1306,288,-381,-739
"344","WINTHROP ST",40.656652,-73.9502,19,206,296,345,133,108,9,162,615,667,390,135,42,1235,1632,1575,1826,238,40,1148,1605,1502,2102,241,33,1152,1607,1482,1910,229,34,1156,1568,1300,1872,195,33,1069,1591,1576,1607
"345","WOODHAVEN BLVD",40.693879,-73.851576,-136,887,774,-62,-168,-85,-24,572,1015,191,963,417,679,6514,4669,1340,141,1,601,6289,5049,1307,-144,34,478,6339,4768,1752,-107,206,419,6098,4798,1473,-115,23,468,5897,4674,1403,205
"346","WOODLAWN",40.886037,-73.878751,149,253,130,-14,0,0,0,126,285,313,278,27,1215,2225,860,938,333,74,1297,2416,832,948,312,78,1418,2260,819,930,361,110,1372,2217,894,928,382,102,1327,2100,808,1038,265
"347","WORLD TRADE CTR",40.712582,-74.009781,-20,112,283,149,7,34,16,3,226,613,219,57,-165,-1068,876,5212,1149,163,-337,-1100,918,5877,1185,186,-136,-599,970,5858,1187,161,-157,-456,987,5672,1122,108,-165,-522,1305,5326,1006
"348","YORK ST",40.699743,-73.986885,-25,-26,30,85,15,30,-5,4,135,83,198,85,-13,-192,-921,525,3508,123,-1,-170,-788,601,3455,171,8,-217,-881,637,3388,288,-15,-72,-1134,610,3305,384,35,-185,-1033,949,2965
"349","ZEREGA AV",40.836488,-73.847036,-70,40,70,-59,-16,-2,-1,-4,93,67,-73,-75,-51,415,219,36,-310,-216,-66,490,248,9,-259,-205,-50,446,226,32,-328,-188,-78,441,285,-53,-284,-217,-54,405,303,117,-315
